5.4836273193359375e-06,0.66
0.00969839096069336,0.66
0.019688844680786133,0.66
0.029695510864257812,0.66
0.03968644142150879,0.66
0.04969382286071777,0.66
0.059683799743652344,0.66
0.06969428062438965,0.66
0.07970952987670898,0.66
0.08971834182739258,0.66
0.09968900680541992,0.66
0.10969400405883789,0.66
0.11968994140625,0.66
0.12969589233398438,0.66
0.13968873023986816,0.66
0.14968609809875488,0.66
0.15968871116638184,0.66
0.16972684860229492,0.66
0.17968988418579102,0.66
0.1896984577178955,0.66
0.1996927261352539,0.66
0.20969438552856445,0.66
0.21968626976013184,0.66
0.22969484329223633,0.66
0.23973345756530762,0.66
0.2496936321258545,0.66
0.2596869468688965,0.66
0.2696983814239502,0.66
0.2797253131866455,0.66
0.28969407081604004,0.66
0.2996993064880371,0.66
0.3096952438354492,0.66
0.3196897506713867,0.66
0.32970285415649414,0.66
0.33968591690063477,0.66
0.34969377517700195,0.66
0.3596961498260498,0.66
0.36969614028930664,0.66
0.3796844482421875,0.66
0.3896927833557129,0.66
0.3996913433074951,0.66
0.4097132682800293,0.66
0.4196946620941162,0.66
0.4296998977661133,0.66
0.4396934509277344,0.66
0.44969916343688965,0.66
0.45970678329467773,0.66
0.46970462799072266,0.66
0.4796905517578125,0.66
0.48969268798828125,0.66
0.49971985816955566,0.66
0.5096983909606934,0.66
0.5197100639343262,0.66
0.5296952724456787,0.66
0.5396890640258789,0.66
0.5497009754180908,0.66
0.559685230255127,0.66
0.5697035789489746,0.66
0.579695463180542,0.66
0.5897068977355957,0.66
0.5996975898742676,0.66
0.6096937656402588,0.66
0.6196892261505127,0.66
0.629702091217041,0.66
0.6396925449371338,0.66
0.6496949195861816,0.66
0.6596899032592773,0.66
0.6696920394897461,0.66
0.6797313690185547,0.66
0.6896853446960449,0.66
0.6997051239013672,0.66
0.7097640037536621,0.66
0.719689130783081,0.66
0.7296969890594482,0.66
0.7397022247314453,0.66
0.749697208404541,0.66
0.7596871852874756,0.66
0.769697904586792,0.66
0.7796933650970459,0.66
0.7896945476531982,0.66
0.7996900081634521,0.66
0.8096973896026611,0.66
0.8196899890899658,0.66
0.8296992778778076,0.66
0.8397383689880371,0.66
0.8496947288513184,0.66
0.8596866130828857,0.66
0.8696939945220947,0.66
0.8796896934509277,0.66
0.8896982669830322,0.66
0.8996932506561279,0.66
0.909705638885498,0.66
0.9197041988372803,0.66
0.9296960830688477,0.66
0.9396913051605225,0.66
0.9497182369232178,0.66
0.9597079753875732,0.66
0.969703197479248,0.66
0.9796867370605469,0.66
0.9896948337554932,0.66
0.9997494220733643,0.66
1.009695053100586,0.66
1.0196986198425293,0.66
1.0296971797943115,0.66
1.0396904945373535,0.66
1.0496933460235596,0.66
1.0596890449523926,0.66
1.0696980953216553,0.66
1.0796935558319092,0.66
1.0896995067596436,0.66
1.0996975898742676,0.66
1.1096980571746826,0.66
1.1196856498718262,0.66
1.1297037601470947,0.66
1.139718770980835,0.66
1.1496949195861816,0.66
1.1596877574920654,0.66
1.169698715209961,0.66
1.1797142028808594,0.66
1.1896865367889404,0.66
1.1997296810150146,0.66
1.2096943855285645,0.66
1.2196955680847168,0.66
1.229701280593872,0.66
1.2397186756134033,0.66
1.249729871749878,0.66
1.259690284729004,0.66
1.26969575881958,0.66
1.2796831130981445,0.66
1.2896997928619385,0.66
1.29970121383667,0.66
1.3096773624420166,0.66
1.3196907043457031,0.66
1.3296973705291748,0.66
1.3397045135498047,0.66
1.3496966361999512,0.66
1.359687328338623,0.66
1.369697093963623,0.66
1.3797121047973633,0.66
1.389711618423462,0.66
1.399688959121704,0.66
1.4096930027008057,0.66
1.419687271118164,0.66
1.4296929836273193,0.66
1.439692735671997,0.66
1.4496970176696777,0.66
1.4596960544586182,0.66
1.469700813293457,0.66
1.479698896408081,0.66
1.4897072315216064,0.66
1.4996981620788574,0.66
1.5097038745880127,0.66
1.5196874141693115,0.66
1.5296971797943115,0.66
1.539764404296875,0.66
1.5496916770935059,0.66
1.5597105026245117,0.66
1.569704294204712,0.66
1.5796916484832764,0.66
1.5896921157836914,0.66
1.5996966361999512,0.66
1.6097016334533691,0.66
1.6196928024291992,0.66
1.6297004222869873,0.66
1.6396992206573486,0.66
1.649660348892212,0.66
1.6596903800964355,0.66
1.6697180271148682,0.66
1.6796934604644775,0.66
1.6896946430206299,0.66
1.7196907997131348,0.66
1.7296977043151855,0.66
1.7396869659423828,0.66
1.7496929168701172,0.66
1.7596914768218994,0.66
1.7696959972381592,0.66
1.7797114849090576,0.66
1.7897093296051025,0.66
1.7997217178344727,0.66
1.8096942901611328,0.66
1.8196821212768555,0.66
1.829756259918213,0.66
1.8396930694580078,0.66
1.8496787548065186,0.66
1.8597321510314941,0.66
1.8696961402893066,0.66
1.8796935081481934,0.66
1.8896949291229248,0.66
1.8996942043304443,0.66
1.909714698791504,0.66
1.919691562652588,0.66
1.9297070503234863,0.66
1.9396882057189941,0.66
1.9496865272521973,0.66
1.9596881866455078,0.66
1.9696972370147705,0.66
1.9797523021697998,0.66
1.9896950721740723,0.66
1.9996976852416992,0.66
2.009697914123535,0.66
2.019695997238159,0.66
2.029700756072998,0.66
2.0396876335144043,0.66
2.049694538116455,0.66
2.0596916675567627,0.66
2.0696959495544434,0.66
2.0796918869018555,0.66
2.0896947383880615,0.66
2.0996928215026855,0.66
2.1096768379211426,0.66
2.1196892261505127,0.66
2.1297333240509033,0.66
2.1396939754486084,0.66
2.149695873260498,0.66
2.159688949584961,0.66
2.169696092605591,0.66
2.179694414138794,0.66
2.189694881439209,0.66
2.199692487716675,0.66
2.2096996307373047,0.66
2.2196860313415527,0.66
2.229717493057251,0.66
2.2397148609161377,0.66
2.2496936321258545,0.66
2.2596940994262695,0.66
2.269695520401001,0.66
2.279686212539673,0.66
2.2897095680236816,0.66
2.2996954917907715,0.66
2.309694528579712,0.66
2.319690704345703,0.66
2.3296964168548584,0.66
2.3397207260131836,0.66
2.3496956825256348,0.66
2.359689235687256,0.66
2.3696980476379395,0.66
2.3796844482421875,0.66
2.389695167541504,0.66
2.399697780609131,0.66
2.4097111225128174,0.66
2.4197068214416504,0.66
2.4317524433135986,0.66
2.4396965503692627,0.66
2.4496593475341797,0.66
2.4597089290618896,0.66
2.4696807861328125,0.66
2.4797067642211914,0.66
2.4896953105926514,0.66
2.499699354171753,0.66
2.509695291519165,0.66
2.5196900367736816,0.66
2.529697895050049,0.66
2.5396926403045654,0.66
2.549694776535034,0.66
2.559682846069336,0.66
2.569695234298706,0.66
2.579693078994751,0.66
2.5897045135498047,0.66
2.5997042655944824,0.66
2.609694480895996,0.66
2.619737148284912,0.66
2.6297218799591064,0.66
2.6396920680999756,0.66
2.649714231491089,0.66
2.659688949584961,0.66
2.669696807861328,0.66
2.679697036743164,0.66
2.689699172973633,0.66
2.699744701385498,0.66
2.7096972465515137,0.66
2.719688653945923,0.66
2.7296972274780273,0.66
2.73970103263855,0.66
2.7497308254241943,0.66
2.759692907333374,0.66
2.7696940898895264,0.66
2.7797129154205322,0.66
2.7896971702575684,0.66
2.7996952533721924,0.66
2.8096625804901123,0.66
2.819685220718384,0.66
2.8296966552734375,0.66
2.839759111404419,0.66
2.8496999740600586,0.66
2.8596959114074707,0.66
2.8696987628936768,0.66
2.879706382751465,0.66
2.889697313308716,0.66
2.8997013568878174,0.66
2.909667491912842,0.66
2.9196863174438477,0.66
2.9297077655792236,0.66
2.939692497253418,0.66
2.949692487716675,0.66
2.9597015380859375,0.66
2.969697952270508,0.66
2.9796864986419678,0.66
2.9897072315216064,0.66
2.9996936321258545,0.66
3.0096969604492188,0.66
3.0196914672851562,0.66
3.029695987701416,0.66
3.0396921634674072,0.66
3.049684524536133,0.66
3.0596911907196045,0.66
3.0697262287139893,0.66
3.0796947479248047,0.66
3.0896990299224854,0.66
3.0997538566589355,0.66
3.109694480895996,0.66
3.1196889877319336,0.66
3.1297032833099365,0.66
3.139705181121826,0.66
3.149696111679077,0.66
3.159693717956543,0.66
3.169693946838379,0.66
3.179689645767212,0.66
3.189694881439209,0.66
3.199694871902466,0.66
3.209693431854248,0.66
3.2197203636169434,0.66
3.229703426361084,0.66
3.2397079467773438,0.66
3.249695301055908,0.66
3.25968861579895,0.66
3.2696971893310547,0.66
3.2796902656555176,0.66
3.2896788120269775,0.66
3.299691677093506,0.66
3.30969500541687,0.66
3.3196892738342285,0.66
3.329679012298584,0.66
3.339690923690796,0.66
3.3496932983398438,0.66
3.3596889972686768,0.66
3.3696961402893066,0.66
3.3796887397766113,0.66
3.3896937370300293,0.66
3.399695634841919,0.66
3.4097142219543457,0.66
3.419687509536743,0.66
3.429694414138794,0.66
3.4396939277648926,0.66
3.449742555618286,0.66
3.4596943855285645,0.66
3.469697952270508,0.66
3.479689121246338,0.66
3.489696502685547,0.66
3.4997072219848633,0.66
3.509695291519165,0.66
3.51969575881958,0.66
3.5297019481658936,0.66
3.5397090911865234,0.66
3.549694299697876,0.66
3.5596890449523926,0.66
3.569694757461548,0.66
3.5796916484832764,0.66
3.5896947383880615,0.66
3.5996952056884766,0.66
3.609693765640259,0.66
3.619694948196411,0.66
3.629701852798462,0.66
3.640450954437256,0.66
3.6496784687042236,0.66
3.659733772277832,0.66
3.669696569442749,0.66
3.679701805114746,0.66
3.68978214263916,0.66
3.6996984481811523,0.66
3.709657907485962,0.66
3.7196900844573975,0.66
3.7296955585479736,0.66
3.739689350128174,0.66
3.749694585800171,0.66
3.7596890926361084,0.66
3.769702434539795,0.66
3.7796859741210938,0.66
3.789660930633545,0.66
3.799696922302246,0.66
3.8097007274627686,0.66
3.819688558578491,0.66
3.829695701599121,0.66
3.839690685272217,0.66
3.849695920944214,0.66
3.859689950942993,0.66
3.8697118759155273,0.66
3.879689931869507,0.66
3.8896937370300293,0.66
3.899719715118408,0.66
3.9096968173980713,0.66
3.9196932315826416,0.66
3.9296932220458984,0.66
3.9397144317626953,0.66
3.9496965408325195,0.66
3.9597158432006836,0.66
3.969728946685791,0.66
3.9797143936157227,0.66
3.9896929264068604,0.66
3.999694347381592,0.66
4.009695053100586,0.66
4.019693374633789,0.66
4.029695272445679,0.66
4.0396928787231445,0.66
4.049701690673828,0.66
4.059685707092285,0.66
4.069697141647339,0.66
4.0796918869018555,0.66
4.089696407318115,0.66
4.099731206893921,0.66
4.109723091125488,0.66
4.1197028160095215,0.66
4.129734754562378,0.66
4.139720916748047,0.66
4.149731397628784,0.66
4.15971827507019,0.66
4.169749975204468,0.66
4.179715871810913,0.66
4.189711093902588,0.66
4.19969916343689,0.66
4.209694147109985,0.66
4.219697713851929,0.66
4.229755401611328,0.66
4.239696025848389,0.66
4.249694585800171,0.66
4.259688138961792,0.66
4.269698619842529,0.66
4.279686450958252,0.66
4.289726495742798,0.66
4.299699544906616,0.66
4.3096959590911865,0.66
4.319687843322754,0.66
4.329708099365234,0.66
4.339701890945435,0.66
4.349649667739868,0.66
4.3596930503845215,0.66
4.36969518661499,0.66
4.379689931869507,0.66
4.389700889587402,0.66
4.3997108936309814,0.66
4.409705638885498,0.66
4.419689655303955,0.66
4.42970609664917,0.66
4.439696550369263,0.66
4.449696063995361,0.66
4.459686040878296,0.66
4.469692230224609,0.66
4.479686737060547,0.66
4.489692211151123,0.66
4.4996936321258545,0.66
4.509693622589111,0.66
4.519686937332153,0.66
4.529709815979004,0.66
4.5397162437438965,0.66
4.549686670303345,0.66
4.559720993041992,0.66
4.569712162017822,0.66
4.57968544960022,0.66
4.589688539505005,0.66
4.599709749221802,0.66
4.609694004058838,0.66
4.619804382324219,0.66
4.629713296890259,0.66
4.639689922332764,0.66
4.649707317352295,0.66
4.659693002700806,0.66
4.669710397720337,0.66
4.679681062698364,0.66
4.689693450927734,0.66
4.699693202972412,0.66
4.709694862365723,0.66
4.719692945480347,0.66
4.7296974658966064,0.66
4.739690780639648,0.66
4.749682188034058,0.66
4.759699583053589,0.66
4.769698143005371,0.66
4.779690504074097,0.66
4.789693832397461,0.66
4.799695253372192,0.66
4.809693336486816,0.66
4.819687604904175,0.66
4.8296966552734375,0.66
4.839686393737793,0.66
4.8496928215026855,0.66
4.859695672988892,0.66
4.86969780921936,0.66
4.879690647125244,0.66
4.889694929122925,0.66
4.899695873260498,0.66
4.909693241119385,0.66
4.919689893722534,0.66
4.929696321487427,0.66
4.939693212509155,0.66
4.949695348739624,0.66
4.959687948226929,0.66
4.969698429107666,0.66
4.979689598083496,0.66
4.989692449569702,0.66
4.999697208404541,0.66
5.009695053100586,0.66
5.019711017608643,0.66
5.029702425003052,0.66
5.039686918258667,0.66
5.049694061279297,0.66
5.059687852859497,0.66
5.069710969924927,0.66
5.07977294921875,0.66
5.089694499969482,0.66
5.099690914154053,0.66
5.109696626663208,0.66
5.119704484939575,0.66
5.129697322845459,0.66
5.139687538146973,0.66
5.149693489074707,0.66
5.159693956375122,0.66
5.1697001457214355,0.66
5.17969012260437,0.66
5.189719915390015,0.66
5.199699640274048,0.66
5.209694147109985,0.66
5.2196855545043945,0.66
5.22969651222229,0.66
5.239718198776245,0.66
5.249698638916016,0.66
5.2596917152404785,0.66
5.26970100402832,0.66
5.279692649841309,0.66
5.289674282073975,0.66
5.299722671508789,0.66
5.309693813323975,0.66
5.319759368896484,0.66
5.329725980758667,0.66
5.3396852016448975,0.66
5.349703311920166,0.66
5.359689235687256,0.66
5.36969518661499,0.66
5.379690885543823,0.66
5.389693737030029,0.66
5.399712800979614,0.66
5.409721851348877,0.66
5.4196860790252686,0.66
5.429696321487427,0.66
5.439690113067627,0.66
5.449701547622681,0.66
5.4596874713897705,0.66
5.469707012176514,0.66
5.479690790176392,0.66
5.489720106124878,0.66
5.499734878540039,0.66
5.509696006774902,0.66
5.519692897796631,0.66
5.529685020446777,0.66
5.539699554443359,0.66
5.549694299697876,0.66
5.559689521789551,0.66
5.56969690322876,0.66
5.579687595367432,0.66
5.58970308303833,0.66
5.59969162940979,0.66
5.609701633453369,0.66
5.619705677032471,0.66
5.629714488983154,0.66
5.639691352844238,0.66
5.649694919586182,0.66
5.659691095352173,0.66
5.669703006744385,0.66
5.6796886920928955,0.66
5.689692497253418,0.66
5.699693202972412,0.66
5.709693908691406,0.66
5.719688892364502,0.66
5.729695081710815,0.66
5.7396934032440186,0.66
5.7496936321258545,0.66
5.759690761566162,0.66
5.769686698913574,0.66
5.7796900272369385,0.66
5.789691925048828,0.66
5.799720048904419,0.66
5.8097264766693115,0.66
5.819703102111816,0.66
5.829677104949951,0.66
5.83969259262085,0.66
5.849693298339844,0.66
5.85969352722168,0.66
5.869719743728638,0.66
5.87972354888916,0.66
5.889665842056274,0.66
5.899695873260498,0.66
5.909693479537964,0.66
5.9196860790252686,0.66
5.929699182510376,0.66
5.939696550369263,0.66
5.9496965408325195,0.66
5.959688663482666,0.66
5.969720840454102,0.66
5.979688882827759,0.66
5.989694595336914,0.66
5.9996936321258545,0.66
6.009696006774902,0.66
6.019689321517944,0.66
6.029699087142944,0.66
6.039689302444458,0.66
6.049695730209351,0.66
6.059693336486816,0.66
6.069692850112915,0.66
6.079712390899658,0.66
6.089694976806641,0.66
6.099689722061157,0.66
6.109711408615112,0.66
6.119694471359253,0.66
6.129696846008301,0.66
6.139689922332764,0.66
6.149655103683472,0.66
6.159691095352173,0.66
6.169657468795776,0.66
6.179690361022949,0.66
6.189697504043579,0.66
6.199697256088257,0.66
6.209693431854248,0.66
6.219686031341553,0.66
6.229706764221191,0.66
6.239708662033081,0.66
6.24969482421875,0.66
6.259692430496216,0.66
6.2696967124938965,0.66
6.279687881469727,0.66
6.289702653884888,0.66
6.299692392349243,0.66
6.309696674346924,0.66
6.319687843322754,0.66
6.3296942710876465,0.66
6.3396923542022705,0.66
6.349697113037109,0.66
6.3597681522369385,0.66
6.36969518661499,0.66
6.3796844482421875,0.66
6.389702558517456,0.66
6.399690866470337,0.66
6.409692764282227,0.66
6.419682741165161,0.66
6.429746866226196,0.66
6.439692497253418,0.66
6.449718952178955,0.66
6.459681034088135,0.66
6.469693899154663,0.66
6.479686737060547,0.66
6.4897074699401855,0.66
6.499777317047119,0.66
6.509721517562866,0.66
6.519688129425049,0.66
6.529794454574585,0.66
6.539684772491455,0.66
6.549695253372192,0.66
6.5596911907196045,0.66
6.569694995880127,0.66
6.579686880111694,0.66
6.5896971225738525,0.66
6.599690675735474,0.66
6.609693288803101,0.66
6.619684219360352,0.66
6.629707336425781,0.66
6.639692068099976,0.66
6.649713039398193,0.66
6.659693479537964,0.66
6.669710874557495,0.66
6.679689645767212,0.66
6.6896936893463135,0.66
6.69969916343689,0.66
6.709700345993042,0.66
6.719712734222412,0.66
6.729698181152344,0.66
6.739717245101929,0.66
6.749696254730225,0.66
6.75970721244812,0.66
6.7696826457977295,0.66
6.7797088623046875,0.66
6.789693355560303,0.66
6.79969048500061,0.66
6.809693098068237,0.66
6.819713354110718,0.66
6.829699516296387,0.66
6.839690685272217,0.66
6.849697113037109,0.66
6.859689950942993,0.66
6.869694709777832,0.66
6.879686594009399,0.66
6.889715671539307,0.66
6.899693250656128,0.66
6.909707069396973,0.66
6.919682741165161,0.66
6.929696798324585,0.66
6.939782619476318,0.66
6.949690818786621,0.66
6.959696292877197,0.66
6.969692230224609,0.66
6.979682683944702,0.66
6.989659070968628,0.66
6.999688148498535,0.66
7.009692192077637,0.66
7.019681692123413,0.66
7.029694080352783,0.66
7.0396904945373535,0.66
7.049709320068359,0.66
7.059686183929443,0.66
7.069704294204712,0.66
7.079687833786011,0.66
7.089697360992432,0.66
7.099698543548584,0.66
7.109694242477417,0.66
7.119695425033569,0.66
7.1297149658203125,0.66
7.1396918296813965,0.66
7.149694919586182,0.66
7.159686803817749,0.66
7.169693946838379,0.66
7.179688215255737,0.66
7.189693212509155,0.66
7.199694871902466,0.66
7.20969820022583,0.66
7.219684600830078,0.66
7.229694366455078,0.66
7.23976731300354,0.66
7.249693870544434,0.66
7.259685277938843,0.66
7.269694805145264,0.66
7.279690742492676,0.66
7.289722919464111,0.66
7.299691915512085,0.66
7.309707164764404,0.66
7.319696664810181,0.66
7.329696893692017,0.66
7.339735746383667,0.66
7.349716901779175,0.66
7.359736442565918,0.66
7.369727373123169,0.66
7.37969708442688,0.66
7.389702081680298,0.66
7.399712085723877,0.66
7.409692287445068,0.66
7.4196929931640625,0.66
7.429696559906006,0.66
7.439688444137573,0.66
7.449670076370239,0.66
7.459685325622559,0.66
7.46970009803772,0.66
7.479686737060547,0.66
7.489691734313965,0.66
7.499751806259155,0.66
7.509707450866699,0.66
7.51970362663269,0.66
7.529719591140747,0.66
7.539753675460815,0.66
7.549688100814819,0.66
7.559718132019043,0.66
7.569705486297607,0.66
7.57969069480896,0.66
7.589669466018677,0.66
7.599689722061157,0.66
7.609704971313477,0.66
7.619688987731934,0.66
7.630982875823975,0.66
7.63968300819397,0.66
7.649691820144653,0.66
7.659691333770752,0.66
7.669695615768433,0.66
7.67968487739563,0.66
7.689711093902588,0.66
7.699691295623779,0.66
7.70969557762146,0.66
7.71968936920166,0.66
7.729696035385132,0.66
7.739691734313965,0.66
7.749696969985962,0.66
7.759683609008789,0.66
7.769698143005371,0.66
7.779690265655518,0.66
7.789680242538452,0.66
7.799698829650879,0.66
7.809693813323975,0.66
7.819689750671387,0.66
7.829697132110596,0.66
7.849699258804321,0.66
7.8597283363342285,0.66
7.869695663452148,0.66
7.879684686660767,0.66
7.88969612121582,0.66
7.899704694747925,0.66
7.909724235534668,0.66
7.919688701629639,0.66
7.929696321487427,0.66
7.9396891593933105,0.66
7.949692249298096,0.66
7.95986008644104,0.66
7.969715595245361,0.66
7.9796857833862305,0.66
7.989709138870239,0.66
7.999697923660278,0.66
8.009704113006592,0.66
8.01969313621521,0.66
8.02969741821289,0.66
8.039691925048828,0.66
8.04969573020935,0.66
8.059691667556763,0.66
8.069695711135864,0.66
8.079689025878906,0.66
8.089760780334473,0.66
8.099696397781372,0.66
8.109708070755005,0.66
8.11968994140625,0.66
8.12969708442688,0.66
8.139692544937134,0.66
8.149696588516235,0.66
8.159693002700806,0.66
8.169721841812134,0.66
8.179696798324585,0.66
8.189695596694946,0.66
8.199713706970215,0.66
8.209704399108887,0.66
8.21969223022461,0.66
8.229696273803711,0.66
8.23969054222107,0.66
8.249709606170654,0.66
8.259684562683105,0.66
8.269694805145264,0.66
8.27968978881836,0.66
8.289693355560303,0.66
8.29970669746399,0.66
8.309696435928345,0.66
8.319684982299805,0.66
8.329707145690918,0.66
8.339694023132324,0.66
8.349689245223999,0.66
8.359691381454468,0.66
8.369696140289307,0.66
8.379770517349243,0.66
8.389693260192871,0.66
8.399703979492188,0.66
8.409698247909546,0.66
8.41968584060669,0.66
8.429696559906006,0.66
8.439690589904785,0.66
8.449692487716675,0.66
8.459721803665161,0.66
8.469710111618042,0.66
8.479713201522827,0.66
8.489730834960938,0.66
8.49971079826355,0.66
8.509696006774902,0.66
8.519706010818481,0.66
8.529709577560425,0.66
8.539699792861938,0.66
8.549694299697876,0.66
8.559799671173096,0.66
8.569697141647339,0.66
8.579686403274536,0.66
8.589711666107178,0.66
8.599731922149658,0.66
8.609699487686157,0.66
8.6197030544281,0.66
8.629724502563477,0.66
8.639692544937134,0.66
8.649698495864868,0.66
8.659689664840698,0.66
8.669695138931274,0.66
8.679686784744263,0.66
8.689694166183472,0.66
8.699704885482788,0.66
8.709696054458618,0.66
8.719724178314209,0.66
8.72968077659607,0.66
8.73969030380249,0.66
8.749676704406738,0.66
8.759684562683105,0.66
8.769700765609741,0.66
8.779701709747314,0.66
8.789693832397461,0.66
8.799692392349243,0.66
8.809694051742554,0.66
8.819689989089966,0.66
8.829695701599121,0.66
8.83969235420227,0.66
8.849695682525635,0.66
8.859691619873047,0.66
8.86970591545105,0.66
8.8797128200531,0.66
8.889734029769897,0.66
8.899687051773071,0.66
8.909714937210083,0.66
8.919689893722534,0.66
8.929696321487427,0.66
8.939704418182373,0.66
8.94970154762268,0.66
8.95969295501709,0.66
8.969695329666138,0.66
8.979691982269287,0.66
8.989693641662598,0.66
8.999696016311646,0.66
9.0097177028656,0.66
9.019704103469849,0.66
9.0296950340271,0.66
9.03969144821167,0.66
9.049694299697876,0.66
9.059696674346924,0.66
9.070930004119873,0.66
9.07969069480896,0.66
9.08964729309082,0.66
9.099689245223999,0.66
9.109694480895996,0.66
9.119686603546143,0.66
9.129743576049805,0.66
9.139691591262817,0.66
9.149694919586182,0.66
9.159689903259277,0.66
9.169695377349854,0.66
9.179722785949707,0.66
9.189692735671997,0.66
9.199686765670776,0.66
9.209692001342773,0.66
9.219684600830078,0.66
9.229694843292236,0.66
9.239682912826538,0.66
9.249695777893066,0.66
9.259789228439331,0.66
9.269700527191162,0.66
9.27972674369812,0.66
9.289697885513306,0.66
9.29969334602356,0.66
9.309694766998291,0.66
9.319688558578491,0.66
9.329697132110596,0.66
9.339689493179321,0.66
9.34969449043274,0.66
9.359690427780151,0.66
9.369693040847778,0.66
9.379722118377686,0.66
9.389692306518555,0.66
9.399691820144653,0.66
9.409693002700806,0.66
9.419688701629639,0.66
9.429691553115845,0.66
9.43969202041626,0.66
9.449695825576782,0.66
9.459689140319824,0.66
9.469697952270508,0.66
9.479724645614624,0.66
9.489694118499756,0.66
9.500244855880737,0.66
9.509708642959595,0.66
9.519687414169312,0.66
9.529697179794312,0.66
9.539696455001831,0.66
9.549694776535034,0.66
9.559685707092285,0.66
9.569720029830933,0.66
9.579699039459229,0.66
9.58969235420227,0.66
9.599692106246948,0.66
9.609694242477417,0.66
9.619688272476196,0.66
9.62969708442688,0.66
9.639704465866089,0.66
9.649701595306396,0.66
9.659966230392456,0.66
9.669698476791382,0.66
9.679689407348633,0.66
9.689699172973633,0.66
9.69969654083252,0.66
9.709693908691406,0.66
9.71971344947815,0.66
9.729698657989502,0.66
9.739687442779541,0.66
9.749698400497437,0.66
9.759685516357422,0.66
9.769694328308105,0.66
9.779714345932007,0.66
9.789693593978882,0.66
9.79973292350769,0.66
9.809746742248535,0.66
9.819687843322754,0.66
9.829694032669067,0.66
9.83970856666565,0.66
9.849695444107056,0.66
9.859691143035889,0.66
9.869686841964722,0.66
9.879690885543823,0.66
9.889710426330566,0.66
9.899699926376343,0.66
9.90969705581665,0.66
9.919691562652588,0.66
9.929695129394531,0.66
9.939696073532104,0.66
9.949710130691528,0.66
9.959690570831299,0.66
9.969699144363403,0.66
9.97968864440918,0.66
9.989709854125977,0.66
9.999691486358643,0.66
10.009695768356323,0.6600004791305096
10.01969599723816,0.6600019758569241
10.029694318771362,0.660004488035859
10.039693593978882,0.660008014201389
10.049651384353638,0.6600125312086241
10.059698820114136,0.6600181038009179
10.069857358932495,0.6600247723495132
10.079740762710571,0.6600322564119352
10.089731931686401,0.6600408186279675
10.099690675735474,0.6600503481225839
10.10969352722168,0.6600609178485215
10.11968731880188,0.6600724748375429
10.129698038101196,0.6600850482766832
10.139689683914185,0.6600985905898378
10.149693012237549,0.6601131403203151
10.159691572189331,0.6601286725291164
10.169697046279907,0.6601452036408967
10.179692029953003,0.6601627023310964
10.189692735671997,0.6601811942390303
10.199696779251099,0.6602006742512404
10.209691524505615,0.6602211148462644
10.219691514968872,0.660242543132866
10.229695320129395,0.6602649553326039
10.239711284637451,0.6602883704321184
10.249761581420898,0.6603128450072188
10.259687185287476,0.6603379766176928
10.269732236862183,0.6603643806165662
10.279688835144043,0.6603915129825603
10.289700746536255,0.6604197586490528
10.29970645904541,0.6604489491248284
10.309658765792847,0.6604789360829394
10.31969165802002,0.6605101251113394
10.329711437225342,0.6605422325673256
10.339702606201172,0.6605752007649999
10.349718570709229,0.6606092033376867
10.359682321548462,0.660643972916919
10.369707584381104,0.6606799056396099
10.379703760147095,0.6607166793404655
10.389693260192871,0.660754369359711
10.399690628051758,0.6607930287010393
10.409693479537964,0.6608326479879266
10.419684886932373,0.6608731572971653
10.429697751998901,0.660914689389482
10.439693689346313,0.6609570836419779
10.449692964553833,0.661000422062994
10.459686756134033,0.6610446640822235
10.469692707061768,0.6610898866926127
10.479681730270386,0.6611359557343608
10.489692449569702,0.6611830479577951
10.4996919631958,0.6612310079972235
10.509694337844849,0.6612799001261475
10.519707202911377,0.6613297614317823
10.52969765663147,0.661380424395358
10.539684772491455,0.6614319801776886
10.549696445465088,0.6614845736390682
10.559683799743652,0.6615379460205562
10.569693803787231,0.6615923460516877
10.579687118530273,0.6616475587129774
10.589708089828491,0.6617038284541042
10.599695682525635,0.6617608097380728
10.609717845916748,0.6618188883431085
10.61968731880188,0.6618775541194543
10.629717588424683,0.6619374739296677
10.639699459075928,0.6619979950741434
10.649771213531494,0.6620599594734935
10.659694194793701,0.662121888966264
10.66977334022522,0.6621856855965288
10.67969274520874,0.6622493473328739
10.689702987670898,0.6623144711907746
10.699694871902466,0.6623803542967669
10.709780216217041,0.6624477418060851
10.719685792922974,0.6625147947168832
10.729698419570923,0.6625834429747163
10.739701747894287,0.6626528996089496
10.749694585800171,0.6627231517171376
10.759732246398926,0.6627945905917141
10.769712924957275,0.6628664880591264
10.779710531234741,0.6629393693022396
10.789693593978882,0.6630130031760089
10.79969573020935,0.6630876361824504
10.80969500541687,0.6631631047014049
10.81968903541565,0.6632393876589507
10.82969617843628,0.6633166241480007
10.839682579040527,0.6633945498564319
10.849697828292847,0.6634735507432536
10.859689235687256,0.6635532097813849
10.869697332382202,0.663633847164378
10.87968635559082,0.6637151724051508
10.889694213867188,0.6637974920629481
10.899722814559937,0.6638808247695885
10.909705638885498,0.6639646125972717
10.919707775115967,0.6640493964830029
10.929697751998901,0.6641349085172995
10.939682722091675,0.6642212057499959
10.949692010879517,0.6643085419966729
10.959686517715454,0.6643965752298149
10.96969485282898,0.66448555529189
10.979689598083496,0.6645752364097243
10.989702224731445,0.6646658994545571
10.999688863754272,0.664757144164242
11.009730577468872,0.6648497126991941
11.019695520401001,0.6649423849668046
11.0296950340271,0.6650361892332785
11.039692163467407,0.6651307807079537
11.049693584442139,0.6652262207472855
11.059688091278076,0.6653224000637389
11.069693088531494,0.6654194845364304
11.079692125320435,0.6655173130386622
11.08969497680664,0.6656159789092218
11.099685668945312,0.6657153215460071
11.109710454940796,0.6658158014469306
11.119686603546143,0.6659165856146285
11.129706859588623,0.6660186084200433
11.139684200286865,0.6661209819351745
11.149657011032104,0.6662240923763665
11.159689903259277,0.6663286122835111
11.169696569442749,0.6664336444728319
11.179689168930054,0.6665393097909122
11.189692497253418,0.6666458680028752
11.199693202972412,0.6667531757926926
11.20969533920288,0.6668612744702187
11.219690799713135,0.6669700737782354
11.229666948318481,0.6670794311315279
11.239686250686646,0.6671900319855901
11.249691724777222,0.6673012486680594
11.259690046310425,0.6674131509258117
11.269697666168213,0.6675259210822367
11.279690504074097,0.667639285124346
11.28966236114502,0.667753166621473
11.299690246582031,0.6678684469847345
11.309707641601562,0.6679843646393661
11.319718599319458,0.6681009625172754
11.329717636108398,0.6682181726328708
11.339755535125732,0.6683365912575618
11.34969973564148,0.6684546463718825
11.359697818756104,0.6685740835335401
11.369713544845581,0.6686944757601356
11.379714965820312,0.6688154373543553
11.38971996307373,0.6689371813457596
11.399698972702026,0.6690593434767156
11.409696102142334,0.6691824608021196
11.419684648513794,0.669306203484455
11.429695844650269,0.6694309579535662
11.43969988822937,0.6695563524833767
11.449697017669678,0.6696823864845022
11.459687948226929,0.6698090655095629
11.469716787338257,0.6699369502122852
11.479707717895508,0.6700650717550989
11.489692211151123,0.6701938268927151
11.499695777893066,0.6703235439219163
11.509694337844849,0.6704539100631715
11.5196852684021,0.6705848877319274
11.529694318771362,0.6707168135700526
11.539690971374512,0.6708492839055289
11.549691915512085,0.6709825169947075
11.559686183929443,0.6711163644410894
11.569696426391602,0.671251128518824
11.57968544960022,0.6713863059194072
11.589697122573853,0.6715224884114934
11.599691390991211,0.671659129671121
11.60971188545227,0.6717968250880908
11.619690656661987,0.6719346372980743
11.629709482192993,0.6720736934753644
11.639686822891235,0.6722128597170492
11.649693250656128,0.6723531170576661
11.659712553024292,0.6724942405199689
11.669693946838379,0.672635510211305
11.679694652557373,0.6727777320508453
11.689698457717896,0.6729206757207509
11.699702262878418,0.6730642952061949
11.709697961807251,0.6732084712696683
11.719692468643188,0.6733533006630792
11.72969913482666,0.6734989759236453
11.739688634872437,0.67364506759694
11.749693393707275,0.6737920476507262
11.7596914768219,0.6739395926615137
11.769679546356201,0.6740876496764554
11.779717683792114,0.6742371112291985
11.789692401885986,0.6743862842100574
11.799695253372192,0.6745365322817081
11.809744596481323,0.6746881364745092
11.819746732711792,0.6748396811351426
11.8297119140625,0.674991311342666
11.839685678482056,0.6751437152224773
11.849693298339844,0.675297281022077
11.85968828201294,0.6754512953455089
11.869695901870728,0.675606145576293
11.879723310470581,0.6757619434553286
11.88969349861145,0.6759174868549299
11.899697065353394,0.6760741848826888
11.909693241119385,0.6762313993488991
11.919722080230713,0.6763897605558071
11.929701566696167,0.6765479698077776
11.93970537185669,0.6767071906489768
11.949706077575684,0.6768669866445683
11.959691047668457,0.6770271520896763
11.969702005386353,0.6771883551677321
11.979693174362183,0.6773498572962385
11.989699363708496,0.6775122186628292
11.999693870544434,0.6776750042540636
12.009692430496216,0.6778384676223347
12.019714593887329,0.6780029288825823
12.029696464538574,0.678167335949924
12.039688110351562,0.6783325086530589
12.049707651138306,0.6784987479104964
12.05968952178955,0.6786649629771673
12.069695711135864,0.6788321828259528
12.07971715927124,0.6790002575651465
12.089693307876587,0.6791681668116135
12.099700927734375,0.6793371994235207
12.109698295593262,0.6795066505286457
12.11969542503357,0.6796766868828084
12.129714965820312,0.6798476936402563
12.139698266983032,0.6800186665301601
12.14969515800476,0.6801904548999631
12.159685850143433,0.6803627173077784
12.169654130935669,0.6805351696955486
12.17979621887207,0.6807112177807109
12.189692735671997,0.6808835736839052
12.199683666229248,0.6810581434325461
12.209710836410522,0.6812339197222925
12.219696521759033,0.6814095375552831
12.229696273803711,0.6815859695325923
12.239692687988281,0.6817629074491606
12.24969744682312,0.6819405564703325
12.259689807891846,0.6821185459044021
12.269693613052368,0.6822972983149515
12.279687643051147,0.6824764326489876
12.289691686630249,0.6826563015817414
12.299690961837769,0.6828366377358595
12.309695959091187,0.6830176283423027
12.31968379020691,0.6831988563717382
12.329700231552124,0.6833811513289899
12.339701652526855,0.6835637182280777
12.349730968475342,0.6837473394511251
12.35968828201294,0.6839301804136708
12.369698762893677,0.6841145359767069
12.379691123962402,0.684299094089656
12.389714241027832,0.6844847564546763
12.39969515800476,0.6846701687221034
12.409695625305176,0.6848564741614466
12.419686317443848,0.6850431251902677
12.429672241210938,0.6852302121628033
12.439699649810791,0.6854186024882414
12.449712038040161,0.6856072346078094
12.459693908691406,0.6857958109486378
12.469711303710938,0.6859855775141168
12.479682922363281,0.6861749913399187
12.489706754684448,0.6863659122289296
12.499696969985962,0.6865567047851503
12.50971007347107,0.686748445271951
12.5197012424469,0.6869402734162109
12.529698610305786,0.6871327261350116
12.539712905883789,0.6873260096731892
12.549696207046509,0.687519195997876
12.559685230255127,0.6877129916715228
12.56968355178833,0.6879074651657648
12.579684257507324,0.6881024808291513
12.589691162109375,0.6882981116448439
12.599689722061157,0.6884940710931908
12.609713554382324,0.6886910172269144
12.619689226150513,0.6888875035356478
12.629696130752563,0.6890850905166537
12.640048027038574,0.6892899988938141
12.649707317352295,0.6894816629645469
12.65971040725708,0.6896806203531339
12.669697284698486,0.6898797318369266
12.679696321487427,0.6900795607457805
12.689713478088379,0.6902802263124576
12.699697732925415,0.6904807033766317
12.709694862365723,0.6906819076435328
12.719713926315308,0.6908840218593225
12.729694604873657,0.691085826004194
12.739690780639648,0.6912884059229175
12.74971079826355,0.6914919314131438
12.75971794128418,0.6916956554074951
12.769699573516846,0.6918993159806605
12.77968978881836,0.6921036055744672
12.789700746536255,0.6923087727940723
12.799695491790771,0.692514058544877
12.809698820114136,0.6927199695541739
12.819696426391602,0.6929262095151965
12.829696893692017,0.6931329532557481
12.839688301086426,0.693339951879469
12.849678039550781,0.6935473557632995
12.859685897827148,0.6937555748015153
12.869669198989868,0.693963718619325
12.879688501358032,0.6941730485139472
12.889695167541504,0.6943825477997867
12.89970350265503,0.694592513210374
12.90969467163086,0.6948025465642808
12.919685363769531,0.6950129955331947
12.929696559906006,0.6952243013066897
12.939690828323364,0.695435672004049
12.949698448181152,0.6956477457357197
12.95969271659851,0.6958599545961632
12.969695329666138,0.6960727569049959
12.97969126701355,0.6962858311744042
12.989693403244019,0.6964994497706393
13.00023603439331,0.6967250559703532
13.009695768356323,0.6969278748244546
13.019691228866577,0.6971425745251342
13.029788494110107,0.6973598707595732
13.039689779281616,0.6975733473828781
13.049692869186401,0.6977894170741012
13.059690237045288,0.6980057609348704
13.06969404220581,0.6982226400959702
13.079689741134644,0.6984397371205071
13.089694738388062,0.6986574280478318
13.099688291549683,0.6988752593956833
13.1096932888031,0.6990937280209681
13.119689226150513,0.6993123842991263
13.129697561264038,0.6995316957566868
13.139696836471558,0.6997511903454362
13.149693727493286,0.6999710119101019
13.159690380096436,0.7001912054465161
13.169712543487549,0.7004123375095569
13.179693222045898,0.7006329269516122
13.189706563949585,0.7008546100320512
13.199704647064209,0.7010763247426888
13.20969295501709,0.7012981892639623
13.219703435897827,0.7015209118814614
13.229697704315186,0.7017436368484229
13.239686012268066,0.7019665893903984
13.249693393707275,0.7021903269687555
13.259684562683105,0.7024140588034048
13.269694566726685,0.7026385678100273
13.279765129089355,0.7028647919475074
13.289713859558105,0.7030886287388799
13.299695253372192,0.7033135474541474
13.309728622436523,0.703539985642177
13.319739818572998,0.7037662693923993
13.32969856262207,0.7039917084139281
13.339686393737793,0.7042181453037331
13.349701881408691,0.7044455484859289
13.359683752059937,0.7046725243969093
13.369693279266357,0.7049004639825589
13.379715919494629,0.7051290360521683
13.389693021774292,0.7053568993826321
13.399698257446289,0.7055857336236372
13.409693241119385,0.7058146596886358
13.419689893722534,0.706043948157213
13.429696321487427,0.70627378347353
13.439697265625,0.7065038133283399
13.449712753295898,0.7067344967519136
13.459686517715454,0.7069645344397966
13.46969485282898,0.7071956836778565
13.479691743850708,0.7074268807744324
13.489716053009033,0.7076590231920029
13.499695777893066,0.7078904406676214
13.509698629379272,0.7081227003015889
13.51969051361084,0.7083550089786452
13.529683351516724,0.7085876413646481
13.539685010910034,0.7088207790253311
13.549703598022461,0.7090546100283788
13.55971908569336,0.7092886655150797
13.569711446762085,0.7095224742576552
13.57968521118164,0.7097561383836442
13.589760303497314,0.7099924690332465
13.599703550338745,0.7102259933213058
13.609711170196533,0.710461314627321
13.619698762893677,0.7106964482109932
13.631948232650757,0.7109852154834467
13.639730215072632,0.7111688845994103
13.649697065353394,0.7114043659332487
13.6596999168396,0.7116409729684084
13.669724702835083,0.7118783733177345
13.679696083068848,0.7121147794983841
13.68973183631897,0.7123529822618356
13.699690580368042,0.7125896233039086
13.709698677062988,0.7128277021047137
13.719688653945923,0.7130656127937539
13.729696273803711,0.713304204999086
13.739704847335815,0.7135430795150894
13.749692916870117,0.7137817214141686
13.759689807891846,0.7140208288733634
13.76965618133545,0.7142594581188983
13.779693841934204,0.7145000462053515
13.789692401885986,0.7147399464663651
13.799694299697876,0.7149801737692953
13.809695482254028,0.715220628822176
13.819687128067017,0.7154610971192754
13.82970666885376,0.7157024781502895
13.839691877365112,0.7159432705271667
13.849694728851318,0.7161847249905468
13.859691143035889,0.7164262586366685
13.86970043182373,0.7166683362639262
13.879690647125244,0.7169101829443216
13.889741897583008,0.7171537373719439
13.899966716766357,0.717401732356952
13.909698247909546,0.7176379809648288
13.919713735580444,0.7178813430043778
13.929695844650269,0.7181241139515665
13.939697980880737,0.7183675901867465
13.949696779251099,0.7186112014562764
13.959689378738403,0.7188548757075071
13.969694375991821,0.719099064587174
13.979754447937012,0.7193448097869443
13.989691495895386,0.7195877565825293
13.999694585800171,0.7198325235555413
14.00969409942627,0.7200774070992871
14.019689798355103,0.7203223991102647
14.029703378677368,0.7205680297361559
14.039690971374512,0.7208132206003692
14.049676656723022,0.721058560001412
14.059691667556763,0.7213048140652573
14.069695234298706,0.7215509788064267
14.07972002029419,0.7217978562253886
14.089701414108276,0.7220438524866789
14.099716663360596,0.7222908690821311
14.109698057174683,0.7225372339530176
14.11968731880188,0.7227839741803425
14.12969446182251,0.7230313357664091
14.139688968658447,0.7232785624652173
14.149693727493286,0.7235262183399395
14.159690618515015,0.7237738528797205
14.179715633392334,0.7242704088714165
14.189694881439209,0.72451811368568
14.199731349945068,0.7247674048572548
14.20970368385315,0.7250152658985414
14.219703197479248,0.7252639634719622
14.229743242263794,0.7255138292258047
14.239688873291016,0.7257615014848933
14.249693870544434,0.7260108069123601
14.259692907333374,0.7262601168954161
14.269696474075317,0.7265096909214732
14.279681921005249,0.726758961569941
14.28969430923462,0.7270090518738558
14.29969334602356,0.7272589536564101
14.309692859649658,0.7275090102015804
14.319687843322754,0.7277590941803987
14.329710960388184,0.7280100213118802
14.339688301086426,0.7282599388746874
14.349695444107056,0.7285107376345977
14.359687328338623,0.7287612865281841
14.369695663452148,0.7290123786645568
14.379688262939453,0.7292632045147835
14.389692306518555,0.7295144441977394
14.399690628051758,0.7297656646752844
14.409693479537964,0.7300171214785381
14.419689893722534,0.7302685368329733
14.429699659347534,0.7305204065181078
14.439690828323364,0.7307719245122177
14.449651002883911,0.7310227758249436
14.459685564041138,0.7312756132208332
14.469695568084717,0.7315279424414955
14.479685068130493,0.7317798628706734
14.48969292640686,0.732032352479675
14.499690055847168,0.7322846755088652
14.509708404541016,0.7325376364306124
14.519695281982422,0.7327899026271941
14.52965521812439,0.733041585624737
14.539685010910034,0.7332951300494949
14.54969334602356,0.7335482262061522
14.559757947921753,0.7338028380568123
14.569718837738037,0.7340549158036401
14.579725503921509,0.734308239691815
14.589693069458008,0.7345606590775107
14.599702835083008,0.7348142308279693
14.609692335128784,0.7350673707751922
14.619718074798584,0.7353215089423777
14.629703283309937,0.735574697210564
14.639713048934937,0.7358285837507197
14.649716138839722,0.7360823745376387
14.659718990325928,0.736336230775117
14.669703960418701,0.7365897024836697
14.679702997207642,0.7368435985989433
14.689712285995483,0.7370978204613698
14.699702978134155,0.737351633236033
14.709660530090332,0.7376046649318125
14.719701290130615,0.737859870491054
14.729695558547974,0.7381139516261658
14.739691972732544,0.7383681424089483
14.749710083007812,0.738622938120349
14.759718179702759,0.7388775303193768
14.769716262817383,0.7391319168106288
14.779693603515625,0.7393858223569063
14.78964352607727,0.739639074717115
14.79969596862793,0.7398949796233585
14.809694290161133,0.7401495477340786
14.819687128067017,0.7404040150034834
14.829699993133545,0.7406590291041237
14.839715242385864,0.7409141387696716
14.849711179733276,0.7411687892243947
14.859685897827148,0.7414229296482221
14.869678258895874,0.7416775481417557
14.879704236984253,0.7419330499179815
14.889708757400513,0.7421880294577546
14.899691820144653,0.7424424845668206
14.909692764282227,0.7426974158962535
14.919686555862427,0.7429521833086826
14.929687976837158,0.743207161595801
14.939685821533203,0.7434620630488115
14.949693441390991,0.7437172260419974
14.95968770980835,0.74397205887376
14.969696760177612,0.7442272768457265
14.97969126701355,0.744482130156763
14.989696979522705,0.7447372733496831
14.999699592590332,0.7449923396110627
15.009668350219727,0.7452465426233218
15.019685745239258,0.7455019839098129
15.029695272445679,0.7457572205442728
15.039700746536255,0.7460123477614116
15.049692869186401,0.7462671264426359
15.059688806533813,0.7465219922633982
15.069711208343506,0.7467775206301934
15.079689741134644,0.7470319163364586
15.089694499969482,0.747286964404705
15.099695682525635,0.7475419029990054
15.10971713066101,0.7477973377740592
15.119691371917725,0.7480515469853825
15.129695653915405,0.7483064974288879
15.139689683914185,0.74856116016991
15.149695873260498,0.7488161042337095
15.159689903259277,0.7490707079746745
15.169690370559692,0.749325443139915
15.179682970046997,0.7495799433149619
15.189700365066528,0.7498350382649636
15.19968843460083,0.7500893477743968
15.209692478179932,0.7503440232662878
15.219687938690186,0.7505984375006002
15.229701280593872,0.7508532619725203
15.239685535430908,0.7511072994447133
15.2496919631958,0.751361852174653
15.259690046310425,0.7516161416873747
15.27118468284607,0.7519084287148459
15.279687643051147,0.75212459616851
15.289693117141724,0.7523789085242916
15.299691200256348,0.752632973925184
15.309669971466064,0.7528864876480137
15.319686651229858,0.7531409011829758
15.329697370529175,0.7533950979531524
15.33970856666565,0.7536492394240148
15.349693536758423,0.7539026459464022
15.359705448150635,0.7541566647933894
15.369694232940674,0.7544100235814131
15.379704713821411,0.754663857180769
15.389699459075928,0.7549172143370342
15.399696588516235,0.7551705524863678
15.409693002700806,0.7554237910278371
15.41969919204712,0.7556771935622202
15.429696083068848,0.7559302750158791
15.439688205718994,0.7561831482128545
15.44970989227295,0.756436679636089
15.459693193435669,0.7566891483671279
15.469720363616943,0.7569426324218627
15.4796884059906,0.7571945262523199
15.489712476730347,0.7574477378703374
15.500513315200806,0.7577204585078172
15.509694337844849,0.7579521853192325
15.519704341888428,0.7582047354966719
15.529696464538574,0.7584567285843089
15.539708614349365,0.7587091185265681
15.54971170425415,0.7589611698655141
15.55969524383545,0.7592126167077264
15.569696187973022,0.7594643878023555
15.579687118530273,0.7597157907430108
15.58969259262085,0.7599674413436507
15.601531744003296,0.7602650555785655
15.60969352722168,0.7604701276650133
15.619685411453247,0.7607210697558764
15.629695892333984,0.7609723523294368
15.639710664749146,0.7612236138184155
15.649694204330444,0.761473961431082
15.659690141677856,0.7617244875819309
15.66970682144165,0.7619753987080419
15.6796875,0.7622252716922759
15.689698219299316,0.7624757580193932
15.6996910572052,0.7627256563002033
15.709692239761353,0.7629756205501058
15.719684362411499,0.7632252137473942
15.729700565338135,0.7634752613294759
15.739694833755493,0.7637246124816991
15.749692678451538,0.763973902054011
15.759726524353027,0.7642239355917572
15.769660711288452,0.7644713320150187
15.779690504074097,0.7647209521609586
15.789693117141724,0.7649697365073396
15.799696445465088,0.765218377444579
15.809700012207031,0.7654668610553673
15.819684267044067,0.7657147001510723
15.829694986343384,0.76596302881939
15.839692115783691,0.7662108510992407
15.849694967269897,0.7664586438785925
15.859719514846802,0.7667068001153456
15.869648456573486,0.7669524159178552
15.879686832427979,0.7672005610261998
15.889693021774292,0.7674477305303088
15.899694681167603,0.7676946065386272
15.909668922424316,0.7679406229287374
15.919692277908325,0.7681876647429103
15.929693222045898,0.7684339663318025
15.93969440460205,0.7686800840923965
15.949646711349487,0.7689248087383505
15.959683656692505,0.7691714202805101
15.969696044921875,0.7694172319452677
15.979688882827759,0.7696623659082338
15.989693403244019,0.7699075865331997
15.999691486358643,0.7701524474889853
16.009693145751953,0.7703971920621402
16.019683837890625,0.7706414625559846
16.02966547012329,0.7708853041913849
16.039711475372314,0.7711305070832963
16.049696445465088,0.7713740081229338
16.0596866607666,0.7716174234127269
16.069701433181763,0.7718612204945874
16.07969093322754,0.7721041843174781
16.0896999835968,0.7723474032001331
16.09969186782837,0.7725899828198308
16.10970377922058,0.7728328240038815
16.119688749313354,0.7730747857183471
16.129700183868408,0.7733171600969695
16.13969111442566,0.7735588078031674
16.14970636367798,0.7738008107733749
16.159682989120483,0.7740416465649127
16.169670343399048,0.7742825054992564
16.179710865020752,0.7745244067207936
16.189693689346313,0.7747646773463015
16.199686765670776,0.7750049524831043
16.20971918106079,0.7752459276496786
16.219686031341553,0.775485082013722
16.229697227478027,0.7757250516315279
16.23971390724182,0.7759649010653011
16.249680757522583,0.7762033054795927
16.25968909263611,0.7764424473664607
16.26968216896057,0.7766809678399258
16.27968978881836,0.7769195762242391
16.289691925048828,0.777157792624749
16.29969549179077,0.7773957798289717
16.309701681137085,0.7776335639939913
16.319705724716187,0.7778710297438356
16.329699754714966,0.7781079887689094
16.339685678482056,0.7783444849898978
16.349695444107056,0.778581272351194
16.359684944152832,0.7788173052800549
16.369697093963623,0.7790535956426939
16.379687547683716,0.779289094783401
16.389714241027832,0.779525165727651
16.399693489074707,0.7797598366138976
16.409695386886597,0.7799947548055258
16.41968011856079,0.7802289828642177
16.42969512939453,0.7804636311824982
16.439692497253418,0.7806975743715345
16.44970393180847,0.7809315525645212
16.459689140319824,0.7811646225753229
16.4696946144104,0.7813978678135153
16.479691982269287,0.7816306243003317
16.48969292640686,0.7818631621888422
16.499696254730225,0.7820954514498648
16.509704113006592,0.7823275395518061
16.519813060760498,0.7825616588177216
16.529696702957153,0.7827902537896673
16.53969120979309,0.7830211029133476
16.549700021743774,0.7832519680239218
16.559690952301025,0.7834821048321597
16.569697380065918,0.783712280271469
16.579710721969604,0.7839422937921201
16.58969473838806,0.7841713119842971
16.599687814712524,0.7844002142943483
16.609691858291626,0.7846290413993221
16.61970543861389,0.7848577575291298
16.629696130752563,0.7850856206978888
16.639689922332764,0.7853132225632506
16.64975905418396,0.7855422023784732
16.659690856933594,0.785767724962125
16.669702529907227,0.7859947231485406
16.679682731628418,0.7862206679714628
16.68969416618347,0.7864469769782564
16.699718236923218,0.7866732254850843
16.709693908691406,0.7868980357106505
16.719687461853027,0.7871229008910037
16.729703187942505,0.7873479134524691
16.73969078063965,0.7875719414930068
16.749692916870117,0.7877959409627993
16.759708404541016,0.7880198816341778
16.76969337463379,0.7882427815025713
16.779711961746216,0.7884660700667148
16.789702653884888,0.7886883740338672
16.799695014953613,0.7889103506251309
16.809691429138184,0.7891320504544264
16.81968903541565,0.7893534077434683
16.82969641685486,0.7895746098807641
16.839704990386963,0.789795464491774
16.849698305130005,0.7900156073107765
16.859835147857666,0.7902385269077343
16.86969232559204,0.7904549225268156
16.879722356796265,0.7906747323986745
16.889699935913086,0.79089301002832
16.89970111846924,0.7911114188894253
16.909712314605713,0.7913296582164038
16.919691562652588,0.7915468125052476
16.929699420928955,0.7917641976953603
16.939729928970337,0.7919816792525336
16.949705600738525,0.7921975769887082
16.9597110748291,0.7924137221348968
16.969658613204956,0.7926282189683276
16.979716062545776,0.7928446815634673
16.98969268798828,0.793059001018039
16.99974513053894,0.7932745405636346
17.009692430496216,0.7934874199074998
17.01969265937805,0.7937010230536556
17.02970027923584,0.7939143715761988
17.039691925048828,0.7941269658576771
17.04971194267273,0.794339746636794
17.05968451499939,0.7945511030513526
17.06970500946045,0.7947630542225795
17.079691410064697,0.7949738624597906
17.089693546295166,0.7951845787631675
17.099684953689575,0.7953946432478058
17.109694242477417,0.7956046549303073
17.119689464569092,0.7958139412018463
17.1296968460083,0.796023049280486
17.139687299728394,0.7962313696526542
17.149712324142456,0.7964399729614382
17.159681797027588,0.7966469832610774
17.170925617218018,0.7968799291107249
17.179686784744263,0.7970610522075106
17.189692497253418,0.7972674867189499
17.199698448181152,0.7974734789255932
17.20969867706299,0.7976789044456281
17.219683408737183,0.7978835618699953
17.229697465896606,0.7980883669534654
17.239692211151123,0.7982923222564701
17.249693393707275,0.7984959520620423
17.259706497192383,0.7986993647166745
17.269693613052368,0.7989017890524202
17.279687643051147,0.7991038912224032
17.289693117141724,0.79930575951803
17.299699306488037,0.7995071745853887
17.309714555740356,0.7997083016617037
17.31972050666809,0.7999087700469967
17.329710960388184,0.800108455261848
17.339684009552002,0.8003073194873078
17.349692583084106,0.8005064148062421
17.35968589782715,0.8007047275290391
17.369720458984375,0.8009033750522149
17.37968635559082,0.8011001814883056
17.389711618423462,0.8012976738167608
17.39972233772278,0.8014943907446174
17.40971612930298,0.8016902856835288
17.419721841812134,0.8018859224409554
17.429707050323486,0.8020806656258609
17.439701080322266,0.8022750860070024
17.449644088745117,0.802468020530914
17.45969033241272,0.8026624564599758
17.469696283340454,0.8028556091766597
17.479718685150146,0.8030485737939783
17.489699125289917,0.803240225567341
17.499694108963013,0.8034316495953255
17.509692430496216,0.8036226278684744
17.51968479156494,0.80381298094317
17.529693365097046,0.8040031283814809
17.539684295654297,0.804192425055092
17.54967999458313,0.8043812945474571
17.5596923828125,0.8045699583946351
17.569695234298706,0.8047579198170655
17.579689979553223,0.8049452050381911
17.58969473838806,0.8051321514026575
17.599709033966064,0.8053187464106186
17.609694242477417,0.805504269902137
17.6197030544281,0.8056896992525295
17.62969708442688,0.8058743205682075
17.63971781730652,0.8060588972014145
17.649694204330444,0.8062421198567671
17.65968656539917,0.8064250966037599
17.669694662094116,0.8066078184673688
17.679686546325684,0.8067897001593942
17.68969178199768,0.8069712780225067
17.699719667434692,0.8071527158000544
17.709693431854248,0.8073326250089641
17.719691514968872,0.8075124209892633
17.729658365249634,0.8076911033019002
17.739717960357666,0.8078708873964471
17.74969172477722,0.8080485791732595
17.759684562683105,0.8082260511611268
17.76969838142395,0.8084033318242384
17.77971076965332,0.8085800207025255
17.78969168663025,0.8087555884195112
17.799729108810425,0.8089315783277583
17.8096981048584,0.8091057989427832
17.819682359695435,0.8092797152848422
17.82970118522644,0.8094536574267308
17.839691638946533,0.809626530016951
17.849692821502686,0.8097990091325191
17.85968780517578,0.8099708004090259
17.8697030544281,0.8101423554389978
17.879690885543823,0.8103128560180088
17.88971209526062,0.8104833374261705
17.899693489074707,0.8106525530055332
17.909696340560913,0.810821541117484
17.91969347000122,0.8109898391545177
17.929707765579224,0.8111578293663938
17.939690113067627,0.8113246871447225
17.94977903366089,0.8114927191301959
17.959787130355835,0.8116587998275144
17.96969246864319,0.8118225798013162
17.979735851287842,0.8119880353769074
17.98969268798828,0.8121514599438041
17.999694347381592,0.8123150114634012
18.00970196723938,0.812478047762654
18.019688606262207,0.8126401292771573
18.029698610305786,0.8128019734712864
18.03969120979309,0.8129629185839559
18.049693822860718,0.813123404868414
18.059690237045288,0.813283169811507
18.069698333740234,0.8134424966432382
18.079687118530273,0.8136008906161358
18.08969807624817,0.8137590072511643
18.099700212478638,0.8139163537112792
18.10970401763916,0.8140730936583171
18.119688987731934,0.814228905427524
18.129700422286987,0.8143844931333561
18.1396906375885,0.8145391131854176
18.14969253540039,0.81469327368282
18.15968894958496,0.8148467074080994
18.16969585418701,0.814999657020151
18.17968988418579,0.8151517635902676
18.18974232673645,0.8153041056068226
18.19970154762268,0.815454386449041
18.20969533920288,0.8156045381462037
18.219682216644287,0.8157539326758052
18.229695558547974,0.8159030653889936
18.23969531059265,0.816051336430992
18.249694108963013,0.816198932561944
18.259692668914795,0.8163458624189419
18.26969337463379,0.8164921588082459
18.279694080352783,0.8166377880859528
18.289694786071777,0.8167827482116307
18.29972743988037,0.8169274970101963
18.309691667556763,0.8170705879452388
18.319689512252808,0.8172134878825463
18.32969331741333,0.8173557954825712
18.339695930480957,0.8174974064717723
18.34969472885132,0.8176382821908618
18.359697103500366,0.8177785247567646
18.36969566345215,0.8179180285257999
18.37968873977661,0.8180567691308223
18.389692544937134,0.8181949690794602
18.399699926376343,0.818332526038444
18.409695148468018,0.8184692225636805
18.419710397720337,0.8186054959794924
18.429696321487427,0.818740673697575
18.439693212509155,0.8188753010372107
18.449692964553833,0.8190092653435797
18.459684371948242,0.8191424150373483
18.46969437599182,0.8192751060250822
18.479687929153442,0.8194068714565697
18.48969340324402,0.819538083854836
18.499694108963013,0.8196685215530312
18.509709119796753,0.819798430258556
18.51970672607422,0.8199273969429672
18.529693841934204,0.8200555117569807
18.539689302444458,0.8201830145120194
18.549694061279297,0.8203099134282938
18.559694290161133,0.8204360305528502
18.56969380378723,0.820561412524095
18.579684734344482,0.8206859596650158
18.589707374572754,0.8208101696915393
18.599697589874268,0.820933245825926
18.609694480895996,0.8210556705657795
18.619688987731934,0.8211773304517627
18.629696130752563,0.8212984051480949
18.639687299728394,0.8214185468366304
18.649693965911865,0.8215381319639997
18.659695148468018,0.8216569066415667
18.669715404510498,0.8217751589437827
18.6797137260437,0.8218924031996586
18.689692974090576,0.8220086755299203
18.699694633483887,0.8221244568788858
18.709697723388672,0.8222394996374699
18.71968364715576,0.8223535896762861
18.729697942733765,0.8224672439549842
18.739747524261475,0.8225805316257354
18.749706029891968,0.8226920325654403
18.759787797927856,0.822804140863041
18.76969337463379,0.8229135306680111
18.779710292816162,0.8230233827043869
18.78969383239746,0.8231320988822711
18.79969048500061,0.8232401857807297
18.809706926345825,0.8233477097202337
18.819688081741333,0.8234540792540396
18.82969570159912,0.8235599514463146
18.83969497680664,0.8236649538891632
18.849711179733276,0.8237693489147991
18.859684705734253,0.8238725162784459
18.86969304084778,0.8239752563921461
18.87969946861267,0.8240771864182972
18.889692544937134,0.824178189550408
18.89970302581787,0.8242785741243865
18.90969228744507,0.8243779512393457
18.91970443725586,0.8244767574508022
18.929706811904907,0.8245746668050334
18.939713716506958,0.8246718179150029
18.94965696334839,0.8247675538652324
18.959683656692505,0.8248632865860495
18.969697952270508,0.82495809034841
18.97968578338623,0.8250518346587323
18.989701747894287,0.8251450297167021
18.99969506263733,0.8252372002956342
19.00969409942627,0.8253286081026904
19.019696474075317,0.8254192281935288
19.029692888259888,0.8255089746094162
19.03969693183899,0.8255979671118496
19.04969334602356,0.8256860679248306
19.059694528579712,0.8257733846264429
19.06971049308777,0.8258600001719112
19.079685926437378,0.8259454373916901
19.08969211578369,0.8260303060213559
19.099695682525635,0.8261143174054009
19.10971426963806,0.8261976161110833
19.119715452194214,0.8262799307995427
19.129697799682617,0.8263612522198057
19.139693021774292,0.8264418374109933
19.149693727493286,0.8265216224278329
19.159701585769653,0.8266006169413245
19.169700384140015,0.8266786911837855
19.179691791534424,0.8267558582435537
19.189695119857788,0.8268322646555153
19.19968843460083,0.8269077406003849
19.209694623947144,0.8269824565362206
19.219704389572144,0.8270563388736745
19.229730367660522,0.8271294762762484
19.239699602127075,0.8272013397454407
19.249698638916016,0.8272725545999405
19.259690523147583,0.8273428526714773
19.26974320411682,0.8274127029741032
19.27968978881836,0.8274809497387323
19.289693117141724,0.8275487146758919
19.29972743988037,0.8276158098204689
19.309698581695557,0.8276816076539345
19.31970524787903,0.8277467611157232
19.329700708389282,0.8278109607045665
19.339695692062378,0.8278742748367054
19.34969449043274,0.8279367282167944
19.359712839126587,0.8279984139806198
19.369695901870728,0.8280589945437082
19.379682779312134,0.8281187093452358
19.38969326019287,0.8281776710042565
19.399686574935913,0.8282356364874218
19.409695148468018,0.828292792086647
19.419690370559692,0.8283489721225497
19.429701805114746,0.82840434033434
19.439692735671997,0.8284586922038533
19.44969868659973,0.8285122196899887
19.45968532562256,0.8285647376773074
19.469696283340454,0.8286164728874614
19.479738473892212,0.8286674514039811
19.48967480659485,0.8287169854740616
19.50089383125305,0.8287718269450697
19.509708642959595,0.8288141054209364
19.51968288421631,0.8288610827422469
19.52970004081726,0.8289073389861494
19.539689779281616,0.8289525451943037
19.5496928691864,0.8289968857696625
19.5596923828125,0.8290402822797183
19.569697618484497,0.8290827727370182
19.579728603363037,0.8291244357445762
19.589704751968384,0.8291649386284394
19.599698066711426,0.8292045769599645
19.609647750854492,0.8292431112781045
19.619688510894775,0.829281054569623
19.629697799682617,0.8293179332833679
19.639692068099976,0.8293538125714329
19.64969229698181,0.8293887669986544
19.659688234329224,0.8294227584555771
19.669705152511597,0.8294558684603257
19.67968511581421,0.8294879057537394
19.68969702720642,0.8295190901989182
19.69969391822815,0.8295492710389636
19.709692001342773,0.829578497164981
19.719707012176514,0.8296068099231578
19.72969889640808,0.8296340949327634
19.73970341682434,0.8296604493261535
19.749715089797974,0.8296858537487308
19.759689569473267,0.8297101979966134
19.76968812942505,0.8297336314863293
19.77969741821289,0.8297561158179476
19.789695024490356,0.8297775987464477
19.799689054489136,0.8297980978843648
19.809694528579712,0.8298176408466545
19.819715976715088,0.829836230403056
19.82969379425049,0.8298537580236455
19.839691877365112,0.8298703373608705
19.849693775177002,0.829885935539992
19.85968542098999,0.8299005295396835
19.869701385498047,0.82991416572175
19.879687547683716,0.8299267691817294
19.889707326889038,0.8299384173457068
19.89971399307251,0.8299490507813764
19.909693717956543,0.8299586587537834
19.91970729827881,0.8299672967162129
19.92970323562622,0.82997491577061
19.93968677520752,0.8299815224022433
19.949715852737427,0.8299871479018248
19.959689140319824,0.8299917349476942
19.96970844268799,0.8299953298001927
19.979690551757812,0.8299978992324101
19.989694118499756,0.8299994586950772
19.999688148498535,0.8299999995040284
20.009708642959595,0.83
20.019680976867676,0.83
20.029696702957153,0.83
20.039693593978882,0.83
20.04969573020935,0.83
20.059693336486816,0.83
20.06969952583313,0.83
20.07975149154663,0.83
20.08969283103943,0.83
20.099696159362793,0.83
20.10969829559326,0.83
20.119692087173462,0.83
20.12969422340393,0.83
20.13969397544861,0.83
20.149697065353394,0.83
20.159690618515015,0.83
20.169697523117065,0.83
20.17969059944153,0.83
20.189693689346313,0.83
20.199693202972412,0.83
20.209694862365723,0.83
20.219715118408203,0.83
20.22969150543213,0.83
20.24023962020874,0.83
20.249695777893066,0.83
20.259689331054688,0.83
20.26971983909607,0.83
20.279706954956055,0.83
20.28970217704773,0.83
20.29971408843994,0.83
20.309694051742554,0.83
20.31968927383423,0.83
20.32969856262207,0.83
20.339690923690796,0.83
20.349713802337646,0.83
20.359740734100342,0.83
20.369707107543945,0.83
20.3797128200531,0.83
20.38969326019287,0.83
20.399691343307495,0.83
20.409725189208984,0.83
20.41974902153015,0.83
20.429712772369385,0.83
20.43969416618347,0.83
20.449726104736328,0.83
20.45969271659851,0.83
20.46969509124756,0.83
20.479716539382935,0.83
20.489709615707397,0.83
20.499696969985962,0.83
20.50967288017273,0.83
20.51971411705017,0.83
20.529696464538574,0.83
20.53971028327942,0.83
20.549694776535034,0.83
20.559690952301025,0.83
20.569694995880127,0.83
20.579705715179443,0.83
20.589709520339966,0.83
20.59969711303711,0.83
20.60971474647522,0.83
20.619717836380005,0.83
20.629696369171143,0.83
20.63968801498413,0.83
20.649696111679077,0.83
20.659692764282227,0.83
20.669695615768433,0.83
20.679698944091797,0.83
20.689650535583496,0.83
20.699700832366943,0.83
20.7096951007843,0.83
20.719688653945923,0.83
20.729701042175293,0.83
20.73968815803528,0.83
20.74969172477722,0.83
20.75968885421753,0.83
20.76969265937805,0.83
20.779683351516724,0.83
20.78969168663025,0.83
20.79969096183777,0.83
20.80969262123108,0.83
20.819692134857178,0.83
20.829752445220947,0.83
20.839709281921387,0.83
20.849714756011963,0.83
20.85970187187195,0.83
20.869693279266357,0.83
20.879689931869507,0.83
20.889691591262817,0.83
20.89969539642334,0.83
20.909693956375122,0.83
20.919683933258057,0.83
20.929699420928955,0.83
20.939688205718994,0.83
20.94970440864563,0.83
20.959689617156982,0.83
20.969710111618042,0.83
20.979700088500977,0.83
20.989692211151123,0.83
20.999748945236206,0.83
21.00976538658142,0.83
21.019709587097168,0.83
21.029698848724365,0.83
21.03968906402588,0.83
21.049665689468384,0.83
21.05969214439392,0.83
21.06969428062439,0.83
21.079688549041748,0.83
21.089697122573853,0.83
21.099693298339844,0.83
21.109688997268677,0.83
21.11968421936035,0.83
21.12969398498535,0.83
21.139711380004883,0.83
21.14969491958618,0.83
21.159679889678955,0.83
21.16969323158264,0.83
21.179712295532227,0.83
21.189692974090576,0.83
21.19969391822815,0.83
21.209694862365723,0.83
21.219692945480347,0.83
21.22969627380371,0.83
21.23969030380249,0.83
21.249696254730225,0.83
21.259684085845947,0.83
21.269694566726685,0.83
21.279683589935303,0.83
21.289692401885986,0.83
21.29968810081482,0.83
21.309672117233276,0.83
21.319687366485596,0.83
21.32969641685486,0.83
21.339688777923584,0.83
21.34970188140869,0.83
21.35969114303589,0.83
21.369694709777832,0.83
21.379745483398438,0.83
21.38965678215027,0.83
21.399693965911865,0.83
21.409762859344482,0.83
21.419728994369507,0.83
21.42971634864807,0.83
21.43968915939331,0.83
21.44977641105652,0.83
21.45976948738098,0.83
21.469733476638794,0.83
21.479747772216797,0.83
21.48970913887024,0.83
21.4997136592865,0.83
21.509697675704956,0.83
21.51972246170044,0.83
21.52966022491455,0.83
21.53969144821167,0.83
21.549692630767822,0.83
21.559709072113037,0.83
21.569920301437378,0.83
21.57968306541443,0.83
21.589709520339966,0.83
21.599698305130005,0.83
21.609695196151733,0.83
21.619685411453247,0.83
21.62969994544983,0.83
21.639702796936035,0.83
21.64969515800476,0.83
21.65968894958496,0.83
21.66969919204712,0.83
21.679707288742065,0.83
21.689706563949585,0.83
21.699711561203003,0.83
21.70969247817993,0.83
21.71971106529236,0.83
21.72969651222229,0.83
21.739686965942383,0.83
21.749655723571777,0.83
21.759685277938843,0.83
21.769715785980225,0.83
21.77969527244568,0.83
21.78965711593628,0.83
21.799699544906616,0.83
21.809696912765503,0.83
21.819689512252808,0.83
21.829700469970703,0.83
21.839693784713745,0.83
21.84969401359558,0.83
21.859684228897095,0.83
21.869693756103516,0.83
21.879692316055298,0.83
21.889692783355713,0.83
21.899693489074707,0.83
21.909693717956543,0.83
21.919687509536743,0.83
21.929694890975952,0.83
21.93969178199768,0.83
21.949692726135254,0.83
21.959680795669556,0.83
21.969693899154663,0.83
21.979685306549072,0.83
21.989692211151123,0.83
21.999696016311646,0.83
22.009664058685303,0.83
22.01969003677368,0.83
22.0296950340271,0.83
22.039686918258667,0.83
22.04971218109131,0.83
22.059690713882446,0.83
22.069695949554443,0.83
22.079691410064697,0.83
22.08969283103943,0.83
22.09971594810486,0.83
22.1096932888031,0.83
22.119687795639038,0.83
22.129695177078247,0.83
22.13969922065735,0.83
22.149695873260498,0.83
22.159685373306274,0.83
22.1697199344635,0.83
22.17968988418579,0.83
22.189692974090576,0.83
22.199690103530884,0.83
22.209696769714355,0.83
22.219701766967773,0.83
22.229702711105347,0.83
22.23969864845276,0.83
22.249693632125854,0.83
22.259686946868896,0.83
22.269694566726685,0.83
22.27968692779541,0.83
22.2896945476532,0.83
22.299699068069458,0.83
22.30969476699829,0.83
22.31968116760254,0.83
22.329724550247192,0.83
22.33970808982849,0.83
22.349697589874268,0.83
22.359689474105835,0.83
22.36969304084778,0.83
22.379687070846558,0.83
22.389692306518555,0.83
22.399688482284546,0.83
22.40970492362976,0.83
22.419684410095215,0.83
22.429694890975952,0.83
22.439684629440308,0.83
22.449693202972412,0.83
22.45968198776245,0.83
22.46969246864319,0.83
22.479703187942505,0.83
22.489673137664795,0.83
22.499688386917114,0.83
22.509702682495117,0.83
22.519683837890625,0.83
22.529698848724365,0.83
22.539708375930786,0.83
22.549705266952515,0.83
22.559706211090088,0.83
22.569743871688843,0.83
22.57975435256958,0.83
22.589693546295166,0.83
22.60098648071289,0.83
22.609692811965942,0.83
22.61968421936035,0.83
22.629716634750366,0.83
22.63969588279724,0.83
22.649713277816772,0.83
22.6596999168396,0.83
22.669727325439453,0.83
22.679734230041504,0.83
22.6897234916687,0.83
22.699697971343994,0.83
22.709704637527466,0.83
22.71968412399292,0.83
22.729740142822266,0.83
22.73968744277954,0.83
22.749695539474487,0.83
22.759685516357422,0.83
22.769696950912476,0.83
22.779686450958252,0.83
22.78970193862915,0.83
22.799691438674927,0.83
22.809680461883545,0.83
22.819714307785034,0.83
22.82969617843628,0.83
22.839693784713745,0.83
22.84969925880432,0.83
22.85968852043152,0.83
22.86972188949585,0.83
22.879703283309937,0.83
22.88969326019287,0.83
22.899694442749023,0.83
22.90977120399475,0.83
22.91968536376953,0.83
22.929726123809814,0.83
22.93968367576599,0.83
22.949691772460938,0.83
22.959686517715454,0.83
22.96970820426941,0.83
22.979703426361084,0.83
22.98970890045166,0.83
22.999735593795776,0.83
23.009694576263428,0.83
23.019683361053467,0.83
23.029692888259888,0.83
23.039693117141724,0.83
23.04969310760498,0.83
23.059690952301025,0.83
23.069694757461548,0.83
23.079714059829712,0.83
23.089704751968384,0.83
23.09969711303711,0.83
23.109694004058838,0.83
23.119690656661987,0.83
23.12969708442688,0.83
23.139697074890137,0.83
23.149696111679077,0.83
23.15970492362976,0.83
23.16966438293457,0.83
23.17968726158142,0.83
23.189696073532104,0.83
23.199695348739624,0.83
23.209684133529663,0.83
23.21968412399292,0.83
23.229707956314087,0.83
23.239689111709595,0.83
23.249695301055908,0.83
23.259691953659058,0.83
23.269694805145264,0.83
23.279689073562622,0.83
23.2896945476532,0.83
23.299691677093506,0.83
23.309691190719604,0.83
23.319705486297607,0.83
23.329694032669067,0.83
23.339681148529053,0.83
23.349696397781372,0.83
23.359689950942993,0.83
23.36969518661499,0.83
23.379688024520874,0.83
23.38971257209778,0.83
23.399692058563232,0.83
23.409692764282227,0.83
23.419689655303955,0.83
23.429697036743164,0.83
23.439690828323364,0.83
23.449675798416138,0.83
23.459688901901245,0.83
23.469695568084717,0.83
23.479687213897705,0.83
23.489695072174072,0.83
23.499693632125854,0.83
23.509693384170532,0.83
23.519683599472046,0.83
23.5296950340271,0.83
23.539695739746094,0.83
23.54968786239624,0.83
23.5596866607666,0.83
23.56970453262329,0.83
23.57968831062317,0.83
23.589693784713745,0.83
23.59970784187317,0.83
23.609695196151733,0.83
23.61969017982483,0.83
23.629696369171143,0.83
23.639694690704346,0.83
23.649695873260498,0.83
23.659936904907227,0.83
23.669695615768433,0.83
23.679683208465576,0.83
23.689719438552856,0.83
23.69978666305542,0.83
23.709693431854248,0.83
23.71971583366394,0.83
23.729673147201538,0.83
23.73969268798828,0.83
23.74969506263733,0.83
23.759695053100586,0.83
23.769697189331055,0.83
23.77969193458557,0.83
23.78969097137451,0.83
23.799694299697876,0.83
23.809693574905396,0.83
23.819693565368652,0.83
23.829707145690918,0.83
23.839690446853638,0.83
23.84969472885132,0.83
23.85968780517578,0.83
23.869677305221558,0.83
23.8796865940094,0.83
23.88970637321472,0.83
23.899698734283447,0.83
23.90969228744507,0.83
23.919686555862427,0.83
23.929693698883057,0.83
23.939687490463257,0.83
23.94969391822815,0.83
23.959690809249878,0.83
23.969695806503296,0.83
23.979689359664917,0.83
23.98969268798828,0.83
23.999696016311646,0.83
24.00970959663391,0.83
24.019777297973633,0.83
24.029691696166992,0.83
24.039689540863037,0.83
24.049699068069458,0.83
24.059689044952393,0.83
24.06969451904297,0.83
24.07968783378601,0.83
24.089693546295166,0.83
24.099695682525635,0.83
24.10969638824463,0.83
24.11968994140625,0.83
24.129700422286987,0.83
24.139690399169922,0.83
24.14970898628235,0.83
24.159687757492065,0.83
24.16969609260559,0.83
24.179682731628418,0.83
24.189693212509155,0.83
24.19969153404236,0.83
24.20969295501709,0.83
24.21970820426941,0.83
24.2296941280365,0.83
24.23970341682434,0.83
24.24975275993347,0.83
24.259690046310425,0.83
24.269699335098267,0.83
24.279718160629272,0.83
24.289695501327515,0.83
24.299691915512085,0.83
24.309691190719604,0.83
24.319717407226562,0.83
24.329694986343384,0.83
24.339772939682007,0.83
24.349692821502686,0.83
24.359689235687256,0.83
24.36969542503357,0.83
24.379696130752563,0.83
24.389699459075928,0.83
24.39969778060913,0.83
24.40969467163086,0.83
24.4196834564209,0.83
24.42970037460327,0.83
24.43968892097473,0.83
24.449716567993164,0.83
24.45968985557556,0.83
24.46969509124756,0.83
24.479706287384033,0.83
24.489691257476807,0.83
24.500035762786865,0.83
24.50969171524048,0.83
24.519689083099365,0.83
24.529742002487183,0.83
24.539713382720947,0.83
24.549724340438843,0.83
24.559760093688965,0.83
24.569714546203613,0.83
24.579769611358643,0.83
24.589648485183716,0.83
24.599696397781372,0.83
24.609694242477417,0.83
24.619688272476196,0.83
24.62971043586731,0.83
24.639695644378662,0.83
24.649693489074707,0.83
24.659713983535767,0.83
24.669689178466797,0.83
24.679708242416382,0.83
24.689695596694946,0.83
24.699700355529785,0.83
24.709694862365723,0.83
24.719687700271606,0.83
24.729801177978516,0.83
24.73968195915222,0.83
24.749671936035156,0.83
24.75969171524048,0.83
24.769667148590088,0.83
24.779688358306885,0.83
24.789692163467407,0.83
24.799691438674927,0.83
24.809695959091187,0.83
24.819687128067017,0.83
24.829689502716064,0.83
24.839696884155273,0.83
24.84965968132019,0.83
24.859687566757202,0.83
24.869692087173462,0.83
24.879685401916504,0.83
24.889705419540405,0.83
24.89969515800476,0.83
24.90970516204834,0.83
24.919683933258057,0.83
24.929696798324585,0.83
24.939728498458862,0.83
24.949790000915527,0.83
24.959694862365723,0.83
24.96979022026062,0.83
24.979686498641968,0.83
24.989726781845093,0.83
24.999696254730225,0.83
25.00969672203064,0.83
25.01968741416931,0.83
25.029732942581177,0.83
25.03969120979309,0.83
25.049712419509888,0.83
25.05968189239502,0.83
25.069708585739136,0.83
25.079688549041748,0.83
25.089693307876587,0.83
25.099695444107056,0.83
25.10969305038452,0.83
25.119710206985474,0.83
25.12969732284546,0.83
25.13969135284424,0.83
25.14969491958618,0.83
25.159688711166382,0.83
25.16969895362854,0.83
25.17969274520874,0.83
25.189692735671997,0.83
25.199690580368042,0.83
25.209718942642212,0.83
25.21969223022461,0.83
25.22970175743103,0.83
25.239702224731445,0.83
25.249696254730225,0.83
25.259710788726807,0.83
25.26972460746765,0.83
25.279683828353882,0.83
25.289700984954834,0.83
25.299696445465088,0.83
25.309682846069336,0.83
25.319687128067017,0.83
25.329694509506226,0.83
25.33969235420227,0.83
25.34969711303711,0.83
25.35969591140747,0.83
25.369696378707886,0.83
25.37968873977661,0.83
25.389705181121826,0.83
25.39971947669983,0.83
25.4096941947937,0.83
25.41968846321106,0.83
25.429694652557373,0.83
25.43968963623047,0.83
25.44969415664673,0.83
25.459689378738403,0.83
25.46969985961914,0.83
25.479687452316284,0.83
25.489692449569702,0.83
25.4996919631958,0.83
25.509694576263428,0.83
25.519713878631592,0.83
25.529706239700317,0.83
25.539985418319702,0.83
25.54976487159729,0.83
25.5596923828125,0.83
25.56969952583313,0.83
25.579687356948853,0.83
25.5897798538208,0.83
25.59971594810486,0.83
25.609712600708008,0.83
25.61970806121826,0.83
25.629698753356934,0.83
25.639692068099976,0.83
25.649696588516235,0.83
25.65969228744507,0.83
25.669695377349854,0.83
25.679682731628418,0.83
25.689712047576904,0.83
25.699691772460938,0.83
25.709710359573364,0.83
25.71971297264099,0.83
25.72969627380371,0.83
25.73970341682434,0.83
25.74969506263733,0.83
25.759689331054688,0.83
25.769695043563843,0.83
25.779682636260986,0.83
25.78969168663025,0.83
25.801374197006226,0.83
25.809665203094482,0.83
25.819687128067017,0.83
25.829676389694214,0.83
25.83970856666565,0.83
25.849692344665527,0.83
25.85968565940857,0.83
25.869697093963623,0.83
25.879685640335083,0.83
25.889692783355713,0.83
25.89969301223755,0.83
25.909712076187134,0.83
25.919715642929077,0.83
25.929698705673218,0.83
25.93968892097473,0.83
25.94971013069153,0.83
25.95968461036682,0.83
25.969706296920776,0.83
25.97968864440918,0.83
25.98969292640686,0.83
25.99968957901001,0.83
26.009691953659058,0.83
26.019681930541992,0.83
26.029696702957153,0.83
26.039714097976685,0.83
26.049695253372192,0.83
26.05970549583435,0.83
26.069693565368652,0.83
26.079686880111694,0.83
26.08970832824707,0.83
26.099697828292847,0.83
26.10969376564026,0.83
26.119691371917725,0.83
26.129709243774414,0.83
26.139706134796143,0.83
26.14969563484192,0.83
26.159695148468018,0.83
26.16969585418701,0.83
26.179691076278687,0.83
26.189693450927734,0.83
26.199695348739624,0.83
26.209693431854248,0.83
26.21971106529236,0.83
26.229695081710815,0.83
26.239694356918335,0.83
26.24967098236084,0.83
26.259692668914795,0.83
26.269700050354004,0.83
26.279688596725464,0.83
26.289660692214966,0.83
26.299700021743774,0.83
26.309711456298828,0.83
26.319685697555542,0.83
26.329694032669067,0.83
26.339691400527954,0.83
26.349695920944214,0.83
26.359688997268677,0.83
26.369694709777832,0.83
26.379712104797363,0.83
26.389667510986328,0.83
26.399689435958862,0.83
26.409682989120483,0.83
26.41968846321106,0.83
26.429696798324585,0.83
26.43968915939331,0.83
26.44971990585327,0.83
26.459689378738403,0.83
26.469700574874878,0.83
26.479691982269287,0.83
26.48969554901123,0.83
26.499696493148804,0.83
26.509693145751953,0.83
26.51969027519226,0.83
26.529698133468628,0.83
26.53968596458435,0.83
26.54969358444214,0.83
26.55968976020813,0.83
26.56969404220581,0.83
26.579698085784912,0.83
26.589714288711548,0.83
26.599697828292847,0.83
26.60969877243042,0.83
26.619693756103516,0.83
26.629717588424683,0.83
26.639686584472656,0.83
26.649694204330444,0.83
26.659687995910645,0.83
26.669677019119263,0.83
26.679696321487427,0.83
26.68969464302063,0.83
26.69978976249695,0.83
26.709696292877197,0.83
26.719738960266113,0.83
26.729696035385132,0.83
26.73969030380249,0.83
26.749692916870117,0.83
26.759685277938843,0.83
26.769699573516846,0.83
26.779690504074097,0.83
26.789727449417114,0.83
26.799690008163452,0.83
26.809693574905396,0.83
26.81968641281128,0.83
26.8296959400177,0.83
26.83971881866455,0.83
26.849701166152954,0.83
26.859692096710205,0.83
26.86969780921936,0.83
26.879690408706665,0.83
26.88969659805298,0.83
26.899727821350098,0.83
26.909695386886597,0.83
26.919683933258057,0.83
26.92969822883606,0.83
26.93968915939331,0.83
26.94969654083252,0.83
26.959683418273926,0.83
26.969696044921875,0.83
26.97968626022339,0.83
26.989691257476807,0.83
26.99969720840454,0.83
27.009693384170532,0.83
27.019688844680786,0.83
27.02969455718994,0.83
27.03968858718872,0.83
27.04969549179077,0.83
27.059691190719604,0.83
27.069761037826538,0.83
27.079691171646118,0.83
27.089693307876587,0.83
27.099693298339844,0.83
27.109694480895996,0.83
27.119689464569092,0.83
27.129694938659668,0.83
27.13968801498413,0.83
27.14969253540039,0.83
27.15968418121338,0.83
27.169697999954224,0.83
27.17969512939453,0.83
27.1896915435791,0.83
27.199695825576782,0.83
27.209694147109985,0.83
27.219688892364502,0.83
27.229698419570923,0.83
27.23968744277954,0.83
27.249707221984863,0.83
27.259689569473267,0.83
27.269704580307007,0.83
27.279687881469727,0.83
27.28969430923462,0.83
27.299695253372192,0.83
27.309692859649658,0.83
27.319687843322754,0.83
27.329696893692017,0.83
27.33970832824707,0.83
27.34969186782837,0.83
27.359696626663208,0.83
27.36969566345215,0.83
27.379691123962402,0.83
27.389694213867188,0.83
27.399710655212402,0.83
27.40969204902649,0.83
27.419684410095215,0.83
27.42969250679016,0.83
27.43968892097473,0.83
27.44969391822815,0.83
27.459691762924194,0.83
27.4696786403656,0.83
27.479687213897705,0.83
27.489713191986084,0.83
27.499710083007812,0.83
27.50969362258911,0.83
27.51968789100647,0.83
27.52970242500305,0.83
27.539692878723145,0.83
27.549700260162354,0.83
27.55969524383545,0.83
27.56969380378723,0.83
27.57968807220459,0.83
27.58967137336731,0.83
27.59969401359558,0.83
27.609715700149536,0.83
27.6196870803833,0.83
27.629695892333984,0.83
27.639687061309814,0.83
27.64969277381897,0.83
27.65969157218933,0.83
27.669694423675537,0.83
27.679684162139893,0.83
27.689700603485107,0.83
27.699692249298096,0.83
27.709694623947144,0.83
27.719687938690186,0.83
27.729713678359985,0.83
27.739691019058228,0.83
27.74969482421875,0.83
27.759692668914795,0.83
27.769667863845825,0.83
27.779688358306885,0.83
27.789693117141724,0.83
27.799692153930664,0.83
27.809701204299927,0.83
27.81968402862549,0.83
27.82969355583191,0.83
27.839682579040527,0.83
27.849669456481934,0.83
27.859684705734253,0.83
27.869696140289307,0.83
27.879708766937256,0.83
27.88970685005188,0.83
27.89970374107361,0.83
27.909693002700806,0.83
27.919684648513794,0.83
27.929699897766113,0.83
27.939690113067627,0.83
27.949660539627075,0.83
27.959730863571167,0.83
27.96970510482788,0.83
27.979696035385132,0.83
27.989709854125977,0.83
27.999696016311646,0.83
28.00969433784485,0.83
28.01970934867859,0.83
28.029706239700317,0.83
28.03968644142151,0.83
28.049693822860718,0.83
28.05968737602234,0.83
28.069772243499756,0.83
28.079740524291992,0.83
28.08978271484375,0.83
28.099695682525635,0.83
28.10971188545227,0.83
28.119687795639038,0.83
28.129707098007202,0.83
28.13969087600708,0.83
28.14969539642334,0.83
28.159688711166382,0.83
28.169700384140015,0.83
28.179694414138794,0.83
28.189650297164917,0.83
28.19969081878662,0.83
28.209692239761353,0.83
28.219690561294556,0.83
28.229694366455078,0.83
28.239688873291016,0.83
28.249653816223145,0.83
28.259681224822998,0.83
28.26969575881958,0.83
28.27970314025879,0.83
28.289700746536255,0.83
28.29969048500061,0.83
28.309698820114136,0.83
28.31968879699707,0.83
28.329702138900757,0.83
28.339710235595703,0.83
28.349713802337646,0.83
28.359691619873047,0.83
28.36966872215271,0.83
28.37970805168152,0.83
28.389692306518555,0.83
28.39969491958618,0.83
28.409696578979492,0.83
28.41969656944275,0.83
28.42970061302185,0.83
28.439717769622803,0.83
28.449703454971313,0.83
28.459691047668457,0.83
28.46969771385193,0.83
28.479685306549072,0.83
28.489695072174072,0.83
28.49969792366028,0.83
28.50969386100769,0.83
28.519688606262207,0.83
28.529719829559326,0.83
28.539690256118774,0.83
28.5496928691864,0.83
28.559691667556763,0.83
28.569697380065918,0.83
28.57969903945923,0.83
28.58966040611267,0.83
28.59968852996826,0.83
28.609697818756104,0.83
28.61968493461609,0.83
28.629688262939453,0.83
28.639696836471558,0.83
28.6497004032135,0.83
28.659693479537964,0.83
28.669756174087524,0.83
28.679691553115845,0.83
28.689757585525513,0.83
28.69969940185547,0.83
28.70969581604004,0.83
28.719688892364502,0.83
28.729715824127197,0.83
28.73969268798828,0.83
28.749692678451538,0.83
28.759713411331177,0.83
28.769693613052368,0.83
28.77970576286316,0.83
28.789708137512207,0.83
28.79969310760498,0.83
28.80969524383545,0.83
28.819693326950073,0.83
28.82969903945923,0.83
28.839695692062378,0.83
28.84969401359558,0.83
28.859690189361572,0.83
28.86969780921936,0.83
28.879684448242188,0.83
28.88969326019287,0.83
28.899691820144653,0.83
28.909693479537964,0.83
28.91968536376953,0.83
28.929703950881958,0.83
28.939708709716797,0.83
28.94973349571228,0.83
28.959704399108887,0.83
28.969699382781982,0.83
28.979706525802612,0.83
28.989709854125977,0.83
28.999688148498535,0.83
29.009697675704956,0.83
29.01968789100647,0.83
29.029694080352783,0.83
29.03968906402588,0.83
29.049705505371094,0.83
29.059696197509766,0.83
29.069730758666992,0.83
29.079729318618774,0.83
29.089696168899536,0.83
29.09978413581848,0.83
29.10969591140747,0.83
29.119689464569092,0.83
29.12969708442688,0.83
29.139688730239868,0.83
29.149693727493286,0.83
29.159692764282227,0.83
29.169694662094116,0.83
29.179687023162842,0.83
29.189659357070923,0.83
29.199706315994263,0.83
29.209692239761353,0.83
29.219690084457397,0.83
29.229697942733765,0.83
29.239718198776245,0.83
29.249693393707275,0.83
29.259690761566162,0.83
29.269712924957275,0.83
29.27971339225769,0.83
29.289700269699097,0.83
29.29969549179077,0.83
29.309697151184082,0.83
29.31970524787903,0.83
29.32968521118164,0.83
29.33969473838806,0.83
29.34969210624695,0.83
29.35969114303589,0.83
29.369693279266357,0.83
29.379685401916504,0.83
29.38969898223877,0.83
29.399688482284546,0.83
29.409654140472412,0.83
29.41970133781433,0.83
29.429662227630615,0.83
29.439692735671997,0.83
29.44969415664673,0.83
29.45968770980835,0.83
29.46969771385193,0.83
29.479683876037598,0.83
29.48969602584839,0.83
29.499694347381592,0.83
29.509693384170532,0.83
29.519684553146362,0.83
29.529696941375732,0.83
29.539692640304565,0.83
29.549695253372192,0.83
29.559692859649658,0.83
29.569696187973022,0.83
29.57968807220459,0.83
29.589707612991333,0.83
29.59971857070923,0.83
29.60969114303589,0.83
29.619688749313354,0.83
29.629696130752563,0.83
29.63968777656555,0.83
29.64969539642334,0.83
29.65968656539917,0.83
29.669695138931274,0.83
29.6797137260437,0.83
29.689725399017334,0.83
29.699856519699097,0.83
29.709708213806152,0.83
29.71971869468689,0.83
29.729722261428833,0.83
29.73970103263855,0.83
29.749701261520386,0.83
29.759682178497314,0.83
29.769694805145264,0.83
29.779746294021606,0.83
29.789695739746094,0.83
29.79970693588257,0.83
29.809693574905396,0.83
29.81968402862549,0.83
29.829747200012207,0.83
29.83972191810608,0.83
29.849724769592285,0.83
29.859727382659912,0.83
29.869696855545044,0.83
29.879707098007202,0.83
29.889751195907593,0.83
29.899691581726074,0.83
29.9096736907959,0.83
29.91968870162964,0.83
29.929699182510376,0.83
29.93970823287964,0.83
29.94969391822815,0.83
29.959688663482666,0.83
29.96968984603882,0.83
29.979690551757812,0.83
29.989693880081177,0.83
29.999690532684326,0.83
30.0097177028656,0.83
30.019691467285156,0.83
30.02976107597351,0.83
30.03972101211548,0.83
30.04969620704651,0.83
30.05968427658081,0.83
30.069694757461548,0.83
30.07968807220459,0.83
30.089694499969482,0.83
30.099696397781372,0.83
30.109697103500366,0.83
30.119701385498047,0.83
30.129720211029053,0.83
30.139697074890137,0.83
30.14971923828125,0.83
30.159685850143433,0.83
30.169678926467896,0.83
30.179686069488525,0.83
30.18969464302063,0.83
30.19972801208496,0.83
30.20970582962036,0.83
30.2196946144104,0.83
30.22969388961792,0.83
30.23969578742981,0.83
30.249699592590332,0.83
30.259685277938843,0.83
30.269709825515747,0.83
30.279716968536377,0.83
30.289708852767944,0.83
30.299708366394043,0.83
30.309709310531616,0.83
30.31968402862549,0.83
30.32969856262207,0.83
30.339688062667847,0.83
30.349746465682983,0.83
30.35968852043152,0.83
30.369699001312256,0.83
30.379718780517578,0.83
30.38971710205078,0.83
30.399691343307495,0.83
30.4096941947937,0.83
30.41971755027771,0.83
30.429696798324585,0.83
30.439688205718994,0.83
30.449691772460938,0.83
30.459716796875,0.83
30.46969437599182,0.83
30.479695320129395,0.83
30.48971652984619,0.83
30.499703645706177,0.83
30.509657621383667,0.83
30.519697427749634,0.83
30.529728889465332,0.83
30.539690494537354,0.83
30.549693822860718,0.83
30.559686422348022,0.83
30.569692611694336,0.83
30.57968497276306,0.83
30.58969259262085,0.83
30.599687337875366,0.83
30.609692096710205,0.83
30.619687795639038,0.83
30.62969708442688,0.83
30.63969326019287,0.83
30.649694681167603,0.83
30.6596941947937,0.83
30.669697284698486,0.83
30.679696559906006,0.83
30.689695358276367,0.83
30.699955224990845,0.83
30.70969557762146,0.83
30.719690322875977,0.83
30.729702711105347,0.83
30.739691257476807,0.83
30.74974274635315,0.83
30.759687423706055,0.83
30.769697666168213,0.83
30.779700994491577,0.83
30.78971219062805,0.83
30.799695014953613,0.83
30.80969548225403,0.83
30.819689989089966,0.83
30.8297016620636,0.83
30.839731454849243,0.83
30.849663734436035,0.83
30.8596830368042,0.83
30.869693517684937,0.83
30.879688262939453,0.83
30.88969922065735,0.83
30.899737119674683,0.83
30.909756422042847,0.83
30.91968822479248,0.83
30.929698944091797,0.83
30.939733266830444,0.83
30.949692249298096,0.83
30.959680795669556,0.83
30.96970510482788,0.83
30.979680061340332,0.83
30.989692211151123,0.83
30.9996976852417,0.83
31.009701251983643,0.83
31.019687175750732,0.83
31.02969741821289,0.83
